date,cluster_nl,prediction
2023-01-01,BRAND_9259_COUNTRY_6B71,1.0239025460268163
2023-02-01,BRAND_9259_COUNTRY_6B71,1.0239025460268163
2023-03-01,BRAND_9259_COUNTRY_6B71,1.0239025460268163
2023-04-01,BRAND_9259_COUNTRY_6B71,1.0239025460268163
2023-05-01,BRAND_9259_COUNTRY_6B71,1.0239025460268163
2023-06-01,BRAND_9259_COUNTRY_6B71,1.0239025460268163
2023-07-01,BRAND_9259_COUNTRY_6B71,1.0239025460268163
2023-08-01,BRAND_9259_COUNTRY_6B71,1.0239025460268163
2023-09-01,BRAND_9259_COUNTRY_6B71,1.0239025460268163
2023-10-01,BRAND_9259_COUNTRY_6B71,1.0239025460268163
2023-11-01,BRAND_9259_COUNTRY_6B71,1.0239025460268163
2023-12-01,BRAND_9259_COUNTRY_6B71,1.0239025460268163
2023-01-01,BRAND_F649_COUNTRY_1033,1.015694068417076
2023-02-01,BRAND_F649_COUNTRY_1033,1.015694068417076
2023-03-01,BRAND_F649_COUNTRY_1033,1.015694068417076
2023-04-01,BRAND_F649_COUNTRY_1033,1.015694068417076
2023-05-01,BRAND_F649_COUNTRY_1033,1.015694068417076
2023-06-01,BRAND_F649_COUNTRY_1033,1.015694068417076
2023-07-01,BRAND_F649_COUNTRY_1033,1.015694068417076
2023-08-01,BRAND_F649_COUNTRY_1033,1.015694068417076
2023-09-01,BRAND_F649_COUNTRY_1033,1.015694068417076
2023-10-01,BRAND_F649_COUNTRY_1033,1.015694068417076
2023-11-01,BRAND_F649_COUNTRY_1033,1.015694068417076
2023-12-01,BRAND_F649_COUNTRY_1033,1.015694068417076
2023-01-01,BRAND_8779_COUNTRY_84C8,1.000344035168312
2023-02-01,BRAND_8779_COUNTRY_84C8,1.000344035168312
2023-03-01,BRAND_8779_COUNTRY_84C8,1.000344035168312
2023-04-01,BRAND_8779_COUNTRY_84C8,1.000344035168312
2023-05-01,BRAND_8779_COUNTRY_84C8,1.000344035168312
2023-06-01,BRAND_8779_COUNTRY_84C8,1.000344035168312
2023-07-01,BRAND_8779_COUNTRY_84C8,1.000344035168312
2023-08-01,BRAND_8779_COUNTRY_84C8,1.000344035168312
2023-09-01,BRAND_8779_COUNTRY_84C8,1.000344035168312
2023-10-01,BRAND_8779_COUNTRY_84C8,1.000344035168312
2023-11-01,BRAND_8779_COUNTRY_84C8,1.000344035168312
2023-12-01,BRAND_8779_COUNTRY_84C8,1.000344035168312
2023-01-01,BRAND_9E22_COUNTRY_5180,1.0030299103204778
2023-02-01,BRAND_9E22_COUNTRY_5180,1.0030299103204778
2023-03-01,BRAND_9E22_COUNTRY_5180,1.0030299103204778
2023-04-01,BRAND_9E22_COUNTRY_5180,1.0030299103204778
2023-05-01,BRAND_9E22_COUNTRY_5180,1.0030299103204778
2023-06-01,BRAND_9E22_COUNTRY_5180,1.0030299103204778
2023-07-01,BRAND_9E22_COUNTRY_5180,1.0030299103204778
2023-08-01,BRAND_9E22_COUNTRY_5180,1.0030299103204778
2023-09-01,BRAND_9E22_COUNTRY_5180,1.0030299103204778
2023-10-01,BRAND_9E22_COUNTRY_5180,1.0030299103204778
2023-11-01,BRAND_9E22_COUNTRY_5180,1.0030299103204778
2023-12-01,BRAND_9E22_COUNTRY_5180,1.0030299103204778
2023-01-01,BRAND_C352_COUNTRY_88A3,1.0655190776145893
2023-02-01,BRAND_C352_COUNTRY_88A3,1.0655190776145893
2023-03-01,BRAND_C352_COUNTRY_88A3,1.0655190776145893
2023-04-01,BRAND_C352_COUNTRY_88A3,1.0655190776145893
2023-05-01,BRAND_C352_COUNTRY_88A3,1.0655190776145893
2023-06-01,BRAND_C352_COUNTRY_88A3,1.0655190776145893
2023-07-01,BRAND_C352_COUNTRY_88A3,1.0655190776145893
2023-08-01,BRAND_C352_COUNTRY_88A3,1.0655190776145893
2023-09-01,BRAND_C352_COUNTRY_88A3,1.0655190776145893
2023-10-01,BRAND_C352_COUNTRY_88A3,1.0655190776145893
2023-11-01,BRAND_C352_COUNTRY_88A3,1.0655190776145893
2023-12-01,BRAND_C352_COUNTRY_88A3,1.0655190776145893
2023-01-01,BRAND_E57A_COUNTRY_458E,1.0022332619973393
2023-02-01,BRAND_E57A_COUNTRY_458E,1.0022332619973393
2023-03-01,BRAND_E57A_COUNTRY_458E,1.0022332619973393
2023-04-01,BRAND_E57A_COUNTRY_458E,1.0022332619973393
2023-05-01,BRAND_E57A_COUNTRY_458E,1.0022332619973393
2023-06-01,BRAND_E57A_COUNTRY_458E,1.0022332619973393
2023-07-01,BRAND_E57A_COUNTRY_458E,1.0022332619973393
2023-08-01,BRAND_E57A_COUNTRY_458E,1.0022332619973393
2023-09-01,BRAND_E57A_COUNTRY_458E,1.0022332619973393
2023-10-01,BRAND_E57A_COUNTRY_458E,1.0022332619973393
2023-11-01,BRAND_E57A_COUNTRY_458E,1.0022332619973393
2023-12-01,BRAND_E57A_COUNTRY_458E,1.0022332619973393
2023-01-01,BRAND_9C65_COUNTRY_3536,1.006834219030207
2023-02-01,BRAND_9C65_COUNTRY_3536,1.006834219030207
2023-03-01,BRAND_9C65_COUNTRY_3536,1.006834219030207
2023-04-01,BRAND_9C65_COUNTRY_3536,1.006834219030207
2023-05-01,BRAND_9C65_COUNTRY_3536,1.006834219030207
2023-06-01,BRAND_9C65_COUNTRY_3536,1.006834219030207
2023-07-01,BRAND_9C65_COUNTRY_3536,1.006834219030207
2023-08-01,BRAND_9C65_COUNTRY_3536,1.006834219030207
2023-09-01,BRAND_9C65_COUNTRY_3536,1.006834219030207
2023-10-01,BRAND_9C65_COUNTRY_3536,1.006834219030207
2023-11-01,BRAND_9C65_COUNTRY_3536,1.006834219030207
2023-12-01,BRAND_9C65_COUNTRY_3536,1.006834219030207
2023-01-01,BRAND_D13E_COUNTRY_9891,1.2152589992269809
2023-02-01,BRAND_D13E_COUNTRY_9891,1.2152589992269809
2023-03-01,BRAND_D13E_COUNTRY_9891,1.2152589992269809
2023-04-01,BRAND_D13E_COUNTRY_9891,1.2152589992269809
2023-05-01,BRAND_D13E_COUNTRY_9891,1.2152589992269809
2023-06-01,BRAND_D13E_COUNTRY_9891,1.2152589992269809
2023-07-01,BRAND_D13E_COUNTRY_9891,1.2152589992269809
2023-08-01,BRAND_D13E_COUNTRY_9891,1.2152589992269809
2023-09-01,BRAND_D13E_COUNTRY_9891,1.2152589992269809
2023-10-01,BRAND_D13E_COUNTRY_9891,1.2152589992269809
2023-11-01,BRAND_D13E_COUNTRY_9891,1.2152589992269809
2023-12-01,BRAND_D13E_COUNTRY_9891,1.2152589992269809
2023-01-01,BRAND_740F_COUNTRY_9891,1.0047296947659807
2023-02-01,BRAND_740F_COUNTRY_9891,1.0047296947659807
2023-03-01,BRAND_740F_COUNTRY_9891,1.0047296947659807
2023-04-01,BRAND_740F_COUNTRY_9891,1.0047296947659807
2023-05-01,BRAND_740F_COUNTRY_9891,1.0047296947659807
2023-06-01,BRAND_740F_COUNTRY_9891,1.0047296947659807
2023-07-01,BRAND_740F_COUNTRY_9891,1.0047296947659807
2023-08-01,BRAND_740F_COUNTRY_9891,1.0047296947659807
2023-09-01,BRAND_740F_COUNTRY_9891,1.0047296947659807
2023-10-01,BRAND_740F_COUNTRY_9891,1.0047296947659807
2023-11-01,BRAND_740F_COUNTRY_9891,1.0047296947659807
2023-12-01,BRAND_740F_COUNTRY_9891,1.0047296947659807
2023-01-01,BRAND_29F9_COUNTRY_5FEB,1.442477243235724
2023-02-01,BRAND_29F9_COUNTRY_5FEB,1.442477243235724
2023-03-01,BRAND_29F9_COUNTRY_5FEB,1.442477243235724
2023-04-01,BRAND_29F9_COUNTRY_5FEB,1.442477243235724
2023-05-01,BRAND_29F9_COUNTRY_5FEB,1.442477243235724
2023-06-01,BRAND_29F9_COUNTRY_5FEB,1.442477243235724
2023-07-01,BRAND_29F9_COUNTRY_5FEB,1.442477243235724
2023-08-01,BRAND_29F9_COUNTRY_5FEB,1.442477243235724
2023-09-01,BRAND_29F9_COUNTRY_5FEB,1.442477243235724
2023-10-01,BRAND_29F9_COUNTRY_5FEB,1.442477243235724
2023-11-01,BRAND_29F9_COUNTRY_5FEB,1.442477243235724
2023-12-01,BRAND_29F9_COUNTRY_5FEB,1.442477243235724
2023-01-01,BRAND_056A_COUNTRY_53A5,1.6873232078125142
2023-02-01,BRAND_056A_COUNTRY_53A5,1.6873232078125142
2023-03-01,BRAND_056A_COUNTRY_53A5,1.6873232078125142
2023-04-01,BRAND_056A_COUNTRY_53A5,1.6873232078125142
2023-05-01,BRAND_056A_COUNTRY_53A5,1.6873232078125142
2023-06-01,BRAND_056A_COUNTRY_53A5,1.6873232078125142
2023-07-01,BRAND_056A_COUNTRY_53A5,1.6873232078125142
2023-08-01,BRAND_056A_COUNTRY_53A5,1.6873232078125142
2023-09-01,BRAND_056A_COUNTRY_53A5,1.6873232078125142
2023-10-01,BRAND_056A_COUNTRY_53A5,1.6873232078125142
2023-11-01,BRAND_056A_COUNTRY_53A5,1.6873232078125142
2023-12-01,BRAND_056A_COUNTRY_53A5,1.6873232078125142
2023-01-01,BRAND_D786_COUNTRY_53A5,1.0191794337196358
2023-02-01,BRAND_D786_COUNTRY_53A5,1.0191794337196358
2023-03-01,BRAND_D786_COUNTRY_53A5,1.0191794337196358
2023-04-01,BRAND_D786_COUNTRY_53A5,1.0191794337196358
2023-05-01,BRAND_D786_COUNTRY_53A5,1.0191794337196358
2023-06-01,BRAND_D786_COUNTRY_53A5,1.0191794337196358
2023-07-01,BRAND_D786_COUNTRY_53A5,1.0191794337196358
2023-08-01,BRAND_D786_COUNTRY_53A5,1.0191794337196358
2023-09-01,BRAND_D786_COUNTRY_53A5,1.0191794337196358
2023-10-01,BRAND_D786_COUNTRY_53A5,1.0191794337196358
2023-11-01,BRAND_D786_COUNTRY_53A5,1.0191794337196358
2023-12-01,BRAND_D786_COUNTRY_53A5,1.0191794337196358
2023-01-01,BRAND_740F_COUNTRY_53A5,1.0922064641272908
2023-02-01,BRAND_740F_COUNTRY_53A5,1.0922064641272908
2023-03-01,BRAND_740F_COUNTRY_53A5,1.0922064641272908
2023-04-01,BRAND_740F_COUNTRY_53A5,1.0922064641272908
2023-05-01,BRAND_740F_COUNTRY_53A5,1.0922064641272908
2023-06-01,BRAND_740F_COUNTRY_53A5,1.0922064641272908
2023-07-01,BRAND_740F_COUNTRY_53A5,1.0922064641272908
2023-08-01,BRAND_740F_COUNTRY_53A5,1.0922064641272908
2023-09-01,BRAND_740F_COUNTRY_53A5,1.0922064641272908
2023-10-01,BRAND_740F_COUNTRY_53A5,1.0922064641272908
2023-11-01,BRAND_740F_COUNTRY_53A5,1.0922064641272908
2023-12-01,BRAND_740F_COUNTRY_53A5,1.0922064641272908
2023-01-01,BRAND_4710_COUNTRY_5FEB,1.2747860226403231
2023-02-01,BRAND_4710_COUNTRY_5FEB,1.2747860226403231
2023-03-01,BRAND_4710_COUNTRY_5FEB,1.2747860226403231
2023-04-01,BRAND_4710_COUNTRY_5FEB,1.2747860226403231
2023-05-01,BRAND_4710_COUNTRY_5FEB,1.2747860226403231
2023-06-01,BRAND_4710_COUNTRY_5FEB,1.2747860226403231
2023-07-01,BRAND_4710_COUNTRY_5FEB,1.2747860226403231
2023-08-01,BRAND_4710_COUNTRY_5FEB,1.2747860226403231
2023-09-01,BRAND_4710_COUNTRY_5FEB,1.2747860226403231
2023-10-01,BRAND_4710_COUNTRY_5FEB,1.2747860226403231
2023-11-01,BRAND_4710_COUNTRY_5FEB,1.2747860226403231
2023-12-01,BRAND_4710_COUNTRY_5FEB,1.2747860226403231
2023-01-01,BRAND_4F19_COUNTRY_5FEB,1.3518769736367915
2023-02-01,BRAND_4F19_COUNTRY_5FEB,1.3518769736367915
2023-03-01,BRAND_4F19_COUNTRY_5FEB,1.3518769736367915
2023-04-01,BRAND_4F19_COUNTRY_5FEB,1.3518769736367915
2023-05-01,BRAND_4F19_COUNTRY_5FEB,1.3518769736367915
2023-06-01,BRAND_4F19_COUNTRY_5FEB,1.3518769736367915
2023-07-01,BRAND_4F19_COUNTRY_5FEB,1.3518769736367915
2023-08-01,BRAND_4F19_COUNTRY_5FEB,1.3518769736367915
2023-09-01,BRAND_4F19_COUNTRY_5FEB,1.3518769736367915
2023-10-01,BRAND_4F19_COUNTRY_5FEB,1.3518769736367915
2023-11-01,BRAND_4F19_COUNTRY_5FEB,1.3518769736367915
2023-12-01,BRAND_4F19_COUNTRY_5FEB,1.3518769736367915
2023-01-01,BRAND_B79F_COUNTRY_B6AE,1.0035902764372382
2023-02-01,BRAND_B79F_COUNTRY_B6AE,1.0035902764372382
2023-03-01,BRAND_B79F_COUNTRY_B6AE,1.0035902764372382
2023-04-01,BRAND_B79F_COUNTRY_B6AE,1.0035902764372382
2023-05-01,BRAND_B79F_COUNTRY_B6AE,1.0035902764372382
2023-06-01,BRAND_B79F_COUNTRY_B6AE,1.0035902764372382
2023-07-01,BRAND_B79F_COUNTRY_B6AE,1.0035902764372382
2023-08-01,BRAND_B79F_COUNTRY_B6AE,1.0035902764372382
2023-09-01,BRAND_B79F_COUNTRY_B6AE,1.0035902764372382
2023-10-01,BRAND_B79F_COUNTRY_B6AE,1.0035902764372382
2023-11-01,BRAND_B79F_COUNTRY_B6AE,1.0035902764372382
2023-12-01,BRAND_B79F_COUNTRY_B6AE,1.0035902764372382
2023-01-01,BRAND_D72F_COUNTRY_3536,1.0028991526733977
2023-02-01,BRAND_D72F_COUNTRY_3536,1.0028991526733977
2023-03-01,BRAND_D72F_COUNTRY_3536,1.0028991526733977
2023-04-01,BRAND_D72F_COUNTRY_3536,1.0028991526733977
2023-05-01,BRAND_D72F_COUNTRY_3536,1.0028991526733977
2023-06-01,BRAND_D72F_COUNTRY_3536,1.0028991526733977
2023-07-01,BRAND_D72F_COUNTRY_3536,1.0028991526733977
2023-08-01,BRAND_D72F_COUNTRY_3536,1.0028991526733977
2023-09-01,BRAND_D72F_COUNTRY_3536,1.0028991526733977
2023-10-01,BRAND_D72F_COUNTRY_3536,1.0028991526733977
2023-11-01,BRAND_D72F_COUNTRY_3536,1.0028991526733977
2023-12-01,BRAND_D72F_COUNTRY_3536,1.0028991526733977
2023-01-01,BRAND_E57A_COUNTRY_6C16,1.0243883170477277
2023-02-01,BRAND_E57A_COUNTRY_6C16,1.0243883170477277
2023-03-01,BRAND_E57A_COUNTRY_6C16,1.0243883170477277
2023-04-01,BRAND_E57A_COUNTRY_6C16,1.0243883170477277
2023-05-01,BRAND_E57A_COUNTRY_6C16,1.0243883170477277
2023-06-01,BRAND_E57A_COUNTRY_6C16,1.0243883170477277
2023-07-01,BRAND_E57A_COUNTRY_6C16,1.0243883170477277
2023-08-01,BRAND_E57A_COUNTRY_6C16,1.0243883170477277
2023-09-01,BRAND_E57A_COUNTRY_6C16,1.0243883170477277
2023-10-01,BRAND_E57A_COUNTRY_6C16,1.0243883170477277
2023-11-01,BRAND_E57A_COUNTRY_6C16,1.0243883170477277
2023-12-01,BRAND_E57A_COUNTRY_6C16,1.0243883170477277
2023-01-01,BRAND_740F_COUNTRY_6C16,1.001810048594733
2023-02-01,BRAND_740F_COUNTRY_6C16,1.001810048594733
2023-03-01,BRAND_740F_COUNTRY_6C16,1.001810048594733
2023-04-01,BRAND_740F_COUNTRY_6C16,1.001810048594733
2023-05-01,BRAND_740F_COUNTRY_6C16,1.001810048594733
2023-06-01,BRAND_740F_COUNTRY_6C16,1.001810048594733
2023-07-01,BRAND_740F_COUNTRY_6C16,1.001810048594733
2023-08-01,BRAND_740F_COUNTRY_6C16,1.001810048594733
2023-09-01,BRAND_740F_COUNTRY_6C16,1.001810048594733
2023-10-01,BRAND_740F_COUNTRY_6C16,1.001810048594733
2023-11-01,BRAND_740F_COUNTRY_6C16,1.001810048594733
2023-12-01,BRAND_740F_COUNTRY_6C16,1.001810048594733
2023-01-01,BRAND_056A_COUNTRY_9891,1.044415117268446
2023-02-01,BRAND_056A_COUNTRY_9891,1.044415117268446
2023-03-01,BRAND_056A_COUNTRY_9891,1.044415117268446
2023-04-01,BRAND_056A_COUNTRY_9891,1.044415117268446
2023-05-01,BRAND_056A_COUNTRY_9891,1.044415117268446
2023-06-01,BRAND_056A_COUNTRY_9891,1.044415117268446
2023-07-01,BRAND_056A_COUNTRY_9891,1.044415117268446
2023-08-01,BRAND_056A_COUNTRY_9891,1.044415117268446
2023-09-01,BRAND_056A_COUNTRY_9891,1.044415117268446
2023-10-01,BRAND_056A_COUNTRY_9891,1.044415117268446
2023-11-01,BRAND_056A_COUNTRY_9891,1.044415117268446
2023-12-01,BRAND_056A_COUNTRY_9891,1.044415117268446
2023-01-01,BRAND_E57A_COUNTRY_9891,1.025591848427563
2023-02-01,BRAND_E57A_COUNTRY_9891,1.025591848427563
2023-03-01,BRAND_E57A_COUNTRY_9891,1.025591848427563
2023-04-01,BRAND_E57A_COUNTRY_9891,1.025591848427563
2023-05-01,BRAND_E57A_COUNTRY_9891,1.025591848427563
2023-06-01,BRAND_E57A_COUNTRY_9891,1.025591848427563
2023-07-01,BRAND_E57A_COUNTRY_9891,1.025591848427563
2023-08-01,BRAND_E57A_COUNTRY_9891,1.025591848427563
2023-09-01,BRAND_E57A_COUNTRY_9891,1.025591848427563
2023-10-01,BRAND_E57A_COUNTRY_9891,1.025591848427563
2023-11-01,BRAND_E57A_COUNTRY_9891,1.025591848427563
2023-12-01,BRAND_E57A_COUNTRY_9891,1.025591848427563
2023-01-01,BRAND_9259_COUNTRY_6C16,1.0410915105893723
2023-02-01,BRAND_9259_COUNTRY_6C16,1.0410915105893723
2023-03-01,BRAND_9259_COUNTRY_6C16,1.0410915105893723
2023-04-01,BRAND_9259_COUNTRY_6C16,1.0410915105893723
2023-05-01,BRAND_9259_COUNTRY_6C16,1.0410915105893723
2023-06-01,BRAND_9259_COUNTRY_6C16,1.0410915105893723
2023-07-01,BRAND_9259_COUNTRY_6C16,1.0410915105893723
2023-08-01,BRAND_9259_COUNTRY_6C16,1.0410915105893723
2023-09-01,BRAND_9259_COUNTRY_6C16,1.0410915105893723
2023-10-01,BRAND_9259_COUNTRY_6C16,1.0410915105893723
2023-11-01,BRAND_9259_COUNTRY_6C16,1.0410915105893723
2023-12-01,BRAND_9259_COUNTRY_6C16,1.0410915105893723
2023-01-01,BRAND_056A_COUNTRY_4442,1.166050153111132
2023-02-01,BRAND_056A_COUNTRY_4442,1.166050153111132
2023-03-01,BRAND_056A_COUNTRY_4442,1.166050153111132
2023-04-01,BRAND_056A_COUNTRY_4442,1.166050153111132
2023-05-01,BRAND_056A_COUNTRY_4442,1.166050153111132
2023-06-01,BRAND_056A_COUNTRY_4442,1.166050153111132
2023-07-01,BRAND_056A_COUNTRY_4442,1.166050153111132
2023-08-01,BRAND_056A_COUNTRY_4442,1.166050153111132
2023-09-01,BRAND_056A_COUNTRY_4442,1.166050153111132
2023-10-01,BRAND_056A_COUNTRY_4442,1.166050153111132
2023-11-01,BRAND_056A_COUNTRY_4442,1.166050153111132
2023-12-01,BRAND_056A_COUNTRY_4442,1.166050153111132
2023-01-01,BRAND_C352_COUNTRY_9488,1.0504124208502708
2023-02-01,BRAND_C352_COUNTRY_9488,1.0504124208502708
2023-03-01,BRAND_C352_COUNTRY_9488,1.0504124208502708
2023-04-01,BRAND_C352_COUNTRY_9488,1.0504124208502708
2023-05-01,BRAND_C352_COUNTRY_9488,1.0504124208502708
2023-06-01,BRAND_C352_COUNTRY_9488,1.0504124208502708
2023-07-01,BRAND_C352_COUNTRY_9488,1.0504124208502708
2023-08-01,BRAND_C352_COUNTRY_9488,1.0504124208502708
2023-09-01,BRAND_C352_COUNTRY_9488,1.0504124208502708
2023-10-01,BRAND_C352_COUNTRY_9488,1.0504124208502708
2023-11-01,BRAND_C352_COUNTRY_9488,1.0504124208502708
2023-12-01,BRAND_C352_COUNTRY_9488,1.0504124208502708
2023-01-01,BRAND_C352_COUNTRY_445D,1.0678710368465598
2023-02-01,BRAND_C352_COUNTRY_445D,1.0678710368465598
2023-03-01,BRAND_C352_COUNTRY_445D,1.0678710368465598
2023-04-01,BRAND_C352_COUNTRY_445D,1.0678710368465598
2023-05-01,BRAND_C352_COUNTRY_445D,1.0678710368465598
2023-06-01,BRAND_C352_COUNTRY_445D,1.0678710368465598
2023-07-01,BRAND_C352_COUNTRY_445D,1.0678710368465598
2023-08-01,BRAND_C352_COUNTRY_445D,1.0678710368465598
2023-09-01,BRAND_C352_COUNTRY_445D,1.0678710368465598
2023-10-01,BRAND_C352_COUNTRY_445D,1.0678710368465598
2023-11-01,BRAND_C352_COUNTRY_445D,1.0678710368465598
2023-12-01,BRAND_C352_COUNTRY_445D,1.0678710368465598
2023-01-01,BRAND_740F_COUNTRY_3AD0,1.006062717860143
2023-02-01,BRAND_740F_COUNTRY_3AD0,1.006062717860143
2023-03-01,BRAND_740F_COUNTRY_3AD0,1.006062717860143
2023-04-01,BRAND_740F_COUNTRY_3AD0,1.006062717860143
2023-05-01,BRAND_740F_COUNTRY_3AD0,1.006062717860143
2023-06-01,BRAND_740F_COUNTRY_3AD0,1.006062717860143
2023-07-01,BRAND_740F_COUNTRY_3AD0,1.006062717860143
2023-08-01,BRAND_740F_COUNTRY_3AD0,1.006062717860143
2023-09-01,BRAND_740F_COUNTRY_3AD0,1.006062717860143
2023-10-01,BRAND_740F_COUNTRY_3AD0,1.006062717860143
2023-11-01,BRAND_740F_COUNTRY_3AD0,1.006062717860143
2023-12-01,BRAND_740F_COUNTRY_3AD0,1.006062717860143
2023-01-01,BRAND_267B_COUNTRY_9488,1.0373854103649955
2023-02-01,BRAND_267B_COUNTRY_9488,1.0373854103649955
2023-03-01,BRAND_267B_COUNTRY_9488,1.0373854103649955
2023-04-01,BRAND_267B_COUNTRY_9488,1.0373854103649955
2023-05-01,BRAND_267B_COUNTRY_9488,1.0373854103649955
2023-06-01,BRAND_267B_COUNTRY_9488,1.0373854103649955
2023-07-01,BRAND_267B_COUNTRY_9488,1.0373854103649955
2023-08-01,BRAND_267B_COUNTRY_9488,1.0373854103649955
2023-09-01,BRAND_267B_COUNTRY_9488,1.0373854103649955
2023-10-01,BRAND_267B_COUNTRY_9488,1.0373854103649955
2023-11-01,BRAND_267B_COUNTRY_9488,1.0373854103649955
2023-12-01,BRAND_267B_COUNTRY_9488,1.0373854103649955
2023-01-01,BRAND_6200_COUNTRY_9488,1.0434712826668031
2023-02-01,BRAND_6200_COUNTRY_9488,1.0434712826668031
2023-03-01,BRAND_6200_COUNTRY_9488,1.0434712826668031
2023-04-01,BRAND_6200_COUNTRY_9488,1.0434712826668031
2023-05-01,BRAND_6200_COUNTRY_9488,1.0434712826668031
2023-06-01,BRAND_6200_COUNTRY_9488,1.0434712826668031
2023-07-01,BRAND_6200_COUNTRY_9488,1.0434712826668031
2023-08-01,BRAND_6200_COUNTRY_9488,1.0434712826668031
2023-09-01,BRAND_6200_COUNTRY_9488,1.0434712826668031
2023-10-01,BRAND_6200_COUNTRY_9488,1.0434712826668031
2023-11-01,BRAND_6200_COUNTRY_9488,1.0434712826668031
2023-12-01,BRAND_6200_COUNTRY_9488,1.0434712826668031
2023-01-01,BRAND_9259_COUNTRY_A67D,1.0379772520518729
2023-02-01,BRAND_9259_COUNTRY_A67D,1.0379772520518729
2023-03-01,BRAND_9259_COUNTRY_A67D,1.0379772520518729
2023-04-01,BRAND_9259_COUNTRY_A67D,1.0379772520518729
2023-05-01,BRAND_9259_COUNTRY_A67D,1.0379772520518729
2023-06-01,BRAND_9259_COUNTRY_A67D,1.0379772520518729
2023-07-01,BRAND_9259_COUNTRY_A67D,1.0379772520518729
2023-08-01,BRAND_9259_COUNTRY_A67D,1.0379772520518729
2023-09-01,BRAND_9259_COUNTRY_A67D,1.0379772520518729
2023-10-01,BRAND_9259_COUNTRY_A67D,1.0379772520518729
2023-11-01,BRAND_9259_COUNTRY_A67D,1.0379772520518729
2023-12-01,BRAND_9259_COUNTRY_A67D,1.0379772520518729
2023-01-01,BRAND_E57A_COUNTRY_D5B9,1.0047731543647973
2023-02-01,BRAND_E57A_COUNTRY_D5B9,1.0047731543647973
2023-03-01,BRAND_E57A_COUNTRY_D5B9,1.0047731543647973
2023-04-01,BRAND_E57A_COUNTRY_D5B9,1.0047731543647973
2023-05-01,BRAND_E57A_COUNTRY_D5B9,1.0047731543647973
2023-06-01,BRAND_E57A_COUNTRY_D5B9,1.0047731543647973
2023-07-01,BRAND_E57A_COUNTRY_D5B9,1.0047731543647973
2023-08-01,BRAND_E57A_COUNTRY_D5B9,1.0047731543647973
2023-09-01,BRAND_E57A_COUNTRY_D5B9,1.0047731543647973
2023-10-01,BRAND_E57A_COUNTRY_D5B9,1.0047731543647973
2023-11-01,BRAND_E57A_COUNTRY_D5B9,1.0047731543647973
2023-12-01,BRAND_E57A_COUNTRY_D5B9,1.0047731543647973
2023-01-01,BRAND_E57A_COUNTRY_53A5,1.5963903008725209
2023-02-01,BRAND_E57A_COUNTRY_53A5,1.5963903008725209
2023-03-01,BRAND_E57A_COUNTRY_53A5,1.5963903008725209
2023-04-01,BRAND_E57A_COUNTRY_53A5,1.5963903008725209
2023-05-01,BRAND_E57A_COUNTRY_53A5,1.5963903008725209
2023-06-01,BRAND_E57A_COUNTRY_53A5,1.5963903008725209
2023-07-01,BRAND_E57A_COUNTRY_53A5,1.5963903008725209
2023-08-01,BRAND_E57A_COUNTRY_53A5,1.5963903008725209
2023-09-01,BRAND_E57A_COUNTRY_53A5,1.5963903008725209
2023-10-01,BRAND_E57A_COUNTRY_53A5,1.5963903008725209
2023-11-01,BRAND_E57A_COUNTRY_53A5,1.5963903008725209
2023-12-01,BRAND_E57A_COUNTRY_53A5,1.5963903008725209
2023-01-01,BRAND_9259_COUNTRY_4242,1.008503490029053
2023-02-01,BRAND_9259_COUNTRY_4242,1.008503490029053
2023-03-01,BRAND_9259_COUNTRY_4242,1.008503490029053
2023-04-01,BRAND_9259_COUNTRY_4242,1.008503490029053
2023-05-01,BRAND_9259_COUNTRY_4242,1.008503490029053
2023-06-01,BRAND_9259_COUNTRY_4242,1.008503490029053
2023-07-01,BRAND_9259_COUNTRY_4242,1.008503490029053
2023-08-01,BRAND_9259_COUNTRY_4242,1.008503490029053
2023-09-01,BRAND_9259_COUNTRY_4242,1.008503490029053
2023-10-01,BRAND_9259_COUNTRY_4242,1.008503490029053
2023-11-01,BRAND_9259_COUNTRY_4242,1.008503490029053
2023-12-01,BRAND_9259_COUNTRY_4242,1.008503490029053
2023-01-01,BRAND_D786_COUNTRY_5A54,1.0107951525307333
2023-02-01,BRAND_D786_COUNTRY_5A54,1.0107951525307333
2023-03-01,BRAND_D786_COUNTRY_5A54,1.0107951525307333
2023-04-01,BRAND_D786_COUNTRY_5A54,1.0107951525307333
2023-05-01,BRAND_D786_COUNTRY_5A54,1.0107951525307333
2023-06-01,BRAND_D786_COUNTRY_5A54,1.0107951525307333
2023-07-01,BRAND_D786_COUNTRY_5A54,1.0107951525307333
2023-08-01,BRAND_D786_COUNTRY_5A54,1.0107951525307333
2023-09-01,BRAND_D786_COUNTRY_5A54,1.0107951525307333
2023-10-01,BRAND_D786_COUNTRY_5A54,1.0107951525307333
2023-11-01,BRAND_D786_COUNTRY_5A54,1.0107951525307333
2023-12-01,BRAND_D786_COUNTRY_5A54,1.0107951525307333
2023-01-01,BRAND_7BEC_COUNTRY_445D,2.639778523037456
2023-02-01,BRAND_7BEC_COUNTRY_445D,2.639778523037456
2023-03-01,BRAND_7BEC_COUNTRY_445D,2.639778523037456
2023-04-01,BRAND_7BEC_COUNTRY_445D,2.639778523037456
2023-05-01,BRAND_7BEC_COUNTRY_445D,2.639778523037456
2023-06-01,BRAND_7BEC_COUNTRY_445D,2.639778523037456
2023-07-01,BRAND_7BEC_COUNTRY_445D,2.639778523037456
2023-08-01,BRAND_7BEC_COUNTRY_445D,2.639778523037456
2023-09-01,BRAND_7BEC_COUNTRY_445D,2.639778523037456
2023-10-01,BRAND_7BEC_COUNTRY_445D,2.639778523037456
2023-11-01,BRAND_7BEC_COUNTRY_445D,2.639778523037456
2023-12-01,BRAND_7BEC_COUNTRY_445D,2.639778523037456
2023-01-01,BRAND_267B_COUNTRY_0C7D,1.0260851193577274
2023-02-01,BRAND_267B_COUNTRY_0C7D,1.0260851193577274
2023-03-01,BRAND_267B_COUNTRY_0C7D,1.0260851193577274
2023-04-01,BRAND_267B_COUNTRY_0C7D,1.0260851193577274
2023-05-01,BRAND_267B_COUNTRY_0C7D,1.0260851193577274
2023-06-01,BRAND_267B_COUNTRY_0C7D,1.0260851193577274
2023-07-01,BRAND_267B_COUNTRY_0C7D,1.0260851193577274
2023-08-01,BRAND_267B_COUNTRY_0C7D,1.0260851193577274
2023-09-01,BRAND_267B_COUNTRY_0C7D,1.0260851193577274
2023-10-01,BRAND_267B_COUNTRY_0C7D,1.0260851193577274
2023-11-01,BRAND_267B_COUNTRY_0C7D,1.0260851193577274
2023-12-01,BRAND_267B_COUNTRY_0C7D,1.0260851193577274
2023-01-01,BRAND_2D13_COUNTRY_0C7D,1.0011066847693355
2023-02-01,BRAND_2D13_COUNTRY_0C7D,1.0011066847693355
2023-03-01,BRAND_2D13_COUNTRY_0C7D,1.0011066847693355
2023-04-01,BRAND_2D13_COUNTRY_0C7D,1.0011066847693355
2023-05-01,BRAND_2D13_COUNTRY_0C7D,1.0011066847693355
2023-06-01,BRAND_2D13_COUNTRY_0C7D,1.0011066847693355
2023-07-01,BRAND_2D13_COUNTRY_0C7D,1.0011066847693355
2023-08-01,BRAND_2D13_COUNTRY_0C7D,1.0011066847693355
2023-09-01,BRAND_2D13_COUNTRY_0C7D,1.0011066847693355
2023-10-01,BRAND_2D13_COUNTRY_0C7D,1.0011066847693355
2023-11-01,BRAND_2D13_COUNTRY_0C7D,1.0011066847693355
2023-12-01,BRAND_2D13_COUNTRY_0C7D,1.0011066847693355
2023-01-01,BRAND_F649_COUNTRY_A67D,1.0344410018611203
2023-02-01,BRAND_F649_COUNTRY_A67D,1.0344410018611203
2023-03-01,BRAND_F649_COUNTRY_A67D,1.0344410018611203
2023-04-01,BRAND_F649_COUNTRY_A67D,1.0344410018611203
2023-05-01,BRAND_F649_COUNTRY_A67D,1.0344410018611203
2023-06-01,BRAND_F649_COUNTRY_A67D,1.0344410018611203
2023-07-01,BRAND_F649_COUNTRY_A67D,1.0344410018611203
2023-08-01,BRAND_F649_COUNTRY_A67D,1.0344410018611203
2023-09-01,BRAND_F649_COUNTRY_A67D,1.0344410018611203
2023-10-01,BRAND_F649_COUNTRY_A67D,1.0344410018611203
2023-11-01,BRAND_F649_COUNTRY_A67D,1.0344410018611203
2023-12-01,BRAND_F649_COUNTRY_A67D,1.0344410018611203
2023-01-01,BRAND_D786_COUNTRY_3AD0,1.0916215933501887
2023-02-01,BRAND_D786_COUNTRY_3AD0,1.0916215933501887
2023-03-01,BRAND_D786_COUNTRY_3AD0,1.0916215933501887
2023-04-01,BRAND_D786_COUNTRY_3AD0,1.0916215933501887
2023-05-01,BRAND_D786_COUNTRY_3AD0,1.0916215933501887
2023-06-01,BRAND_D786_COUNTRY_3AD0,1.0916215933501887
2023-07-01,BRAND_D786_COUNTRY_3AD0,1.0916215933501887
2023-08-01,BRAND_D786_COUNTRY_3AD0,1.0916215933501887
2023-09-01,BRAND_D786_COUNTRY_3AD0,1.0916215933501887
2023-10-01,BRAND_D786_COUNTRY_3AD0,1.0916215933501887
2023-11-01,BRAND_D786_COUNTRY_3AD0,1.0916215933501887
2023-12-01,BRAND_D786_COUNTRY_3AD0,1.0916215933501887
2023-01-01,BRAND_A5D5_COUNTRY_7D31,1.010015867870036
2023-02-01,BRAND_A5D5_COUNTRY_7D31,1.010015867870036
2023-03-01,BRAND_A5D5_COUNTRY_7D31,1.010015867870036
2023-04-01,BRAND_A5D5_COUNTRY_7D31,1.010015867870036
2023-05-01,BRAND_A5D5_COUNTRY_7D31,1.010015867870036
2023-06-01,BRAND_A5D5_COUNTRY_7D31,1.010015867870036
2023-07-01,BRAND_A5D5_COUNTRY_7D31,1.010015867870036
2023-08-01,BRAND_A5D5_COUNTRY_7D31,1.010015867870036
2023-09-01,BRAND_A5D5_COUNTRY_7D31,1.010015867870036
2023-10-01,BRAND_A5D5_COUNTRY_7D31,1.010015867870036
2023-11-01,BRAND_A5D5_COUNTRY_7D31,1.010015867870036
2023-12-01,BRAND_A5D5_COUNTRY_7D31,1.010015867870036
2023-01-01,BRAND_ED43_COUNTRY_7D31,1.00294630630697
2023-02-01,BRAND_ED43_COUNTRY_7D31,1.00294630630697
2023-03-01,BRAND_ED43_COUNTRY_7D31,1.00294630630697
2023-04-01,BRAND_ED43_COUNTRY_7D31,1.00294630630697
2023-05-01,BRAND_ED43_COUNTRY_7D31,1.00294630630697
2023-06-01,BRAND_ED43_COUNTRY_7D31,1.00294630630697
2023-07-01,BRAND_ED43_COUNTRY_7D31,1.00294630630697
2023-08-01,BRAND_ED43_COUNTRY_7D31,1.00294630630697
2023-09-01,BRAND_ED43_COUNTRY_7D31,1.00294630630697
2023-10-01,BRAND_ED43_COUNTRY_7D31,1.00294630630697
2023-11-01,BRAND_ED43_COUNTRY_7D31,1.00294630630697
2023-12-01,BRAND_ED43_COUNTRY_7D31,1.00294630630697
2023-01-01,BRAND_3CEB_COUNTRY_7D31,1.0068297205195014
2023-02-01,BRAND_3CEB_COUNTRY_7D31,1.0068297205195014
2023-03-01,BRAND_3CEB_COUNTRY_7D31,1.0068297205195014
2023-04-01,BRAND_3CEB_COUNTRY_7D31,1.0068297205195014
2023-05-01,BRAND_3CEB_COUNTRY_7D31,1.0068297205195014
2023-06-01,BRAND_3CEB_COUNTRY_7D31,1.0068297205195014
2023-07-01,BRAND_3CEB_COUNTRY_7D31,1.0068297205195014
2023-08-01,BRAND_3CEB_COUNTRY_7D31,1.0068297205195014
2023-09-01,BRAND_3CEB_COUNTRY_7D31,1.0068297205195014
2023-10-01,BRAND_3CEB_COUNTRY_7D31,1.0068297205195014
2023-11-01,BRAND_3CEB_COUNTRY_7D31,1.0068297205195014
2023-12-01,BRAND_3CEB_COUNTRY_7D31,1.0068297205195014
2023-01-01,BRAND_F649_COUNTRY_4D48,1.0070004484807595
2023-02-01,BRAND_F649_COUNTRY_4D48,1.0070004484807595
2023-03-01,BRAND_F649_COUNTRY_4D48,1.0070004484807595
2023-04-01,BRAND_F649_COUNTRY_4D48,1.0070004484807595
2023-05-01,BRAND_F649_COUNTRY_4D48,1.0070004484807595
2023-06-01,BRAND_F649_COUNTRY_4D48,1.0070004484807595
2023-07-01,BRAND_F649_COUNTRY_4D48,1.0070004484807595
2023-08-01,BRAND_F649_COUNTRY_4D48,1.0070004484807595
2023-09-01,BRAND_F649_COUNTRY_4D48,1.0070004484807595
2023-10-01,BRAND_F649_COUNTRY_4D48,1.0070004484807595
2023-11-01,BRAND_F649_COUNTRY_4D48,1.0070004484807595
2023-12-01,BRAND_F649_COUNTRY_4D48,1.0070004484807595
2023-01-01,BRAND_C352_COUNTRY_4D48,1.1859617854425462
2023-02-01,BRAND_C352_COUNTRY_4D48,1.1859617854425462
2023-03-01,BRAND_C352_COUNTRY_4D48,1.1859617854425462
2023-04-01,BRAND_C352_COUNTRY_4D48,1.1859617854425462
2023-05-01,BRAND_C352_COUNTRY_4D48,1.1859617854425462
2023-06-01,BRAND_C352_COUNTRY_4D48,1.1859617854425462
2023-07-01,BRAND_C352_COUNTRY_4D48,1.1859617854425462
2023-08-01,BRAND_C352_COUNTRY_4D48,1.1859617854425462
2023-09-01,BRAND_C352_COUNTRY_4D48,1.1859617854425462
2023-10-01,BRAND_C352_COUNTRY_4D48,1.1859617854425462
2023-11-01,BRAND_C352_COUNTRY_4D48,1.1859617854425462
2023-12-01,BRAND_C352_COUNTRY_4D48,1.1859617854425462
2023-01-01,BRAND_6646_COUNTRY_5FEB,1.227330879130663
2023-02-01,BRAND_6646_COUNTRY_5FEB,1.227330879130663
2023-03-01,BRAND_6646_COUNTRY_5FEB,1.227330879130663
2023-04-01,BRAND_6646_COUNTRY_5FEB,1.227330879130663
2023-05-01,BRAND_6646_COUNTRY_5FEB,1.227330879130663
2023-06-01,BRAND_6646_COUNTRY_5FEB,1.227330879130663
2023-07-01,BRAND_6646_COUNTRY_5FEB,1.227330879130663
2023-08-01,BRAND_6646_COUNTRY_5FEB,1.227330879130663
2023-09-01,BRAND_6646_COUNTRY_5FEB,1.227330879130663
2023-10-01,BRAND_6646_COUNTRY_5FEB,1.227330879130663
2023-11-01,BRAND_6646_COUNTRY_5FEB,1.227330879130663
2023-12-01,BRAND_6646_COUNTRY_5FEB,1.227330879130663
2023-01-01,BRAND_740F_COUNTRY_4D48,1.0036679959806465
2023-02-01,BRAND_740F_COUNTRY_4D48,1.0036679959806465
2023-03-01,BRAND_740F_COUNTRY_4D48,1.0036679959806465
2023-04-01,BRAND_740F_COUNTRY_4D48,1.0036679959806465
2023-05-01,BRAND_740F_COUNTRY_4D48,1.0036679959806465
2023-06-01,BRAND_740F_COUNTRY_4D48,1.0036679959806465
2023-07-01,BRAND_740F_COUNTRY_4D48,1.0036679959806465
2023-08-01,BRAND_740F_COUNTRY_4D48,1.0036679959806465
2023-09-01,BRAND_740F_COUNTRY_4D48,1.0036679959806465
2023-10-01,BRAND_740F_COUNTRY_4D48,1.0036679959806465
2023-11-01,BRAND_740F_COUNTRY_4D48,1.0036679959806465
2023-12-01,BRAND_740F_COUNTRY_4D48,1.0036679959806465
2023-01-01,BRAND_BDB6_COUNTRY_5FEB,1.0647557449914276
2023-02-01,BRAND_BDB6_COUNTRY_5FEB,1.0647557449914276
2023-03-01,BRAND_BDB6_COUNTRY_5FEB,1.0647557449914276
2023-04-01,BRAND_BDB6_COUNTRY_5FEB,1.0647557449914276
2023-05-01,BRAND_BDB6_COUNTRY_5FEB,1.0647557449914276
2023-06-01,BRAND_BDB6_COUNTRY_5FEB,1.0647557449914276
2023-07-01,BRAND_BDB6_COUNTRY_5FEB,1.0647557449914276
2023-08-01,BRAND_BDB6_COUNTRY_5FEB,1.0647557449914276
2023-09-01,BRAND_BDB6_COUNTRY_5FEB,1.0647557449914276
2023-10-01,BRAND_BDB6_COUNTRY_5FEB,1.0647557449914276
2023-11-01,BRAND_BDB6_COUNTRY_5FEB,1.0647557449914276
2023-12-01,BRAND_BDB6_COUNTRY_5FEB,1.0647557449914276
2023-01-01,BRAND_E57A_COUNTRY_3AD0,1.018083590601608
2023-02-01,BRAND_E57A_COUNTRY_3AD0,1.018083590601608
2023-03-01,BRAND_E57A_COUNTRY_3AD0,1.018083590601608
2023-04-01,BRAND_E57A_COUNTRY_3AD0,1.018083590601608
2023-05-01,BRAND_E57A_COUNTRY_3AD0,1.018083590601608
2023-06-01,BRAND_E57A_COUNTRY_3AD0,1.018083590601608
2023-07-01,BRAND_E57A_COUNTRY_3AD0,1.018083590601608
2023-08-01,BRAND_E57A_COUNTRY_3AD0,1.018083590601608
2023-09-01,BRAND_E57A_COUNTRY_3AD0,1.018083590601608
2023-10-01,BRAND_E57A_COUNTRY_3AD0,1.018083590601608
2023-11-01,BRAND_E57A_COUNTRY_3AD0,1.018083590601608
2023-12-01,BRAND_E57A_COUNTRY_3AD0,1.018083590601608
2023-01-01,BRAND_B94B_COUNTRY_5FEB,1.2529519213534068
2023-02-01,BRAND_B94B_COUNTRY_5FEB,1.2529519213534068
2023-03-01,BRAND_B94B_COUNTRY_5FEB,1.2529519213534068
2023-04-01,BRAND_B94B_COUNTRY_5FEB,1.2529519213534068
2023-05-01,BRAND_B94B_COUNTRY_5FEB,1.2529519213534068
2023-06-01,BRAND_B94B_COUNTRY_5FEB,1.2529519213534068
2023-07-01,BRAND_B94B_COUNTRY_5FEB,1.2529519213534068
2023-08-01,BRAND_B94B_COUNTRY_5FEB,1.2529519213534068
2023-09-01,BRAND_B94B_COUNTRY_5FEB,1.2529519213534068
2023-10-01,BRAND_B94B_COUNTRY_5FEB,1.2529519213534068
2023-11-01,BRAND_B94B_COUNTRY_5FEB,1.2529519213534068
2023-12-01,BRAND_B94B_COUNTRY_5FEB,1.2529519213534068
2023-01-01,BRAND_E57A_COUNTRY_4D48,1.0111588721624147
2023-02-01,BRAND_E57A_COUNTRY_4D48,1.0111588721624147
2023-03-01,BRAND_E57A_COUNTRY_4D48,1.0111588721624147
2023-04-01,BRAND_E57A_COUNTRY_4D48,1.0111588721624147
2023-05-01,BRAND_E57A_COUNTRY_4D48,1.0111588721624147
2023-06-01,BRAND_E57A_COUNTRY_4D48,1.0111588721624147
2023-07-01,BRAND_E57A_COUNTRY_4D48,1.0111588721624147
2023-08-01,BRAND_E57A_COUNTRY_4D48,1.0111588721624147
2023-09-01,BRAND_E57A_COUNTRY_4D48,1.0111588721624147
2023-10-01,BRAND_E57A_COUNTRY_4D48,1.0111588721624147
2023-11-01,BRAND_E57A_COUNTRY_4D48,1.0111588721624147
2023-12-01,BRAND_E57A_COUNTRY_4D48,1.0111588721624147
2023-01-01,BRAND_C352_COUNTRY_5A54,1.003150673085318
2023-02-01,BRAND_C352_COUNTRY_5A54,1.003150673085318
2023-03-01,BRAND_C352_COUNTRY_5A54,1.003150673085318
2023-04-01,BRAND_C352_COUNTRY_5A54,1.003150673085318
2023-05-01,BRAND_C352_COUNTRY_5A54,1.003150673085318
2023-06-01,BRAND_C352_COUNTRY_5A54,1.003150673085318
2023-07-01,BRAND_C352_COUNTRY_5A54,1.003150673085318
2023-08-01,BRAND_C352_COUNTRY_5A54,1.003150673085318
2023-09-01,BRAND_C352_COUNTRY_5A54,1.003150673085318
2023-10-01,BRAND_C352_COUNTRY_5A54,1.003150673085318
2023-11-01,BRAND_C352_COUNTRY_5A54,1.003150673085318
2023-12-01,BRAND_C352_COUNTRY_5A54,1.003150673085318
2023-01-01,BRAND_89E4_COUNTRY_7D31,1.0056287333122589
2023-02-01,BRAND_89E4_COUNTRY_7D31,1.0056287333122589
2023-03-01,BRAND_89E4_COUNTRY_7D31,1.0056287333122589
2023-04-01,BRAND_89E4_COUNTRY_7D31,1.0056287333122589
2023-05-01,BRAND_89E4_COUNTRY_7D31,1.0056287333122589
2023-06-01,BRAND_89E4_COUNTRY_7D31,1.0056287333122589
2023-07-01,BRAND_89E4_COUNTRY_7D31,1.0056287333122589
2023-08-01,BRAND_89E4_COUNTRY_7D31,1.0056287333122589
2023-09-01,BRAND_89E4_COUNTRY_7D31,1.0056287333122589
2023-10-01,BRAND_89E4_COUNTRY_7D31,1.0056287333122589
2023-11-01,BRAND_89E4_COUNTRY_7D31,1.0056287333122589
2023-12-01,BRAND_89E4_COUNTRY_7D31,1.0056287333122589
2023-01-01,BRAND_056A_COUNTRY_3AD0,1.0796853635984545
2023-02-01,BRAND_056A_COUNTRY_3AD0,1.0796853635984545
2023-03-01,BRAND_056A_COUNTRY_3AD0,1.0796853635984545
2023-04-01,BRAND_056A_COUNTRY_3AD0,1.0796853635984545
2023-05-01,BRAND_056A_COUNTRY_3AD0,1.0796853635984545
2023-06-01,BRAND_056A_COUNTRY_3AD0,1.0796853635984545
2023-07-01,BRAND_056A_COUNTRY_3AD0,1.0796853635984545
2023-08-01,BRAND_056A_COUNTRY_3AD0,1.0796853635984545
2023-09-01,BRAND_056A_COUNTRY_3AD0,1.0796853635984545
2023-10-01,BRAND_056A_COUNTRY_3AD0,1.0796853635984545
2023-11-01,BRAND_056A_COUNTRY_3AD0,1.0796853635984545
2023-12-01,BRAND_056A_COUNTRY_3AD0,1.0796853635984545
2023-01-01,BRAND_E9AB_COUNTRY_5A54,1.0173371547598709
2023-02-01,BRAND_E9AB_COUNTRY_5A54,1.0173371547598709
2023-03-01,BRAND_E9AB_COUNTRY_5A54,1.0173371547598709
2023-04-01,BRAND_E9AB_COUNTRY_5A54,1.0173371547598709
2023-05-01,BRAND_E9AB_COUNTRY_5A54,1.0173371547598709
2023-06-01,BRAND_E9AB_COUNTRY_5A54,1.0173371547598709
2023-07-01,BRAND_E9AB_COUNTRY_5A54,1.0173371547598709
2023-08-01,BRAND_E9AB_COUNTRY_5A54,1.0173371547598709
2023-09-01,BRAND_E9AB_COUNTRY_5A54,1.0173371547598709
2023-10-01,BRAND_E9AB_COUNTRY_5A54,1.0173371547598709
2023-11-01,BRAND_E9AB_COUNTRY_5A54,1.0173371547598709
2023-12-01,BRAND_E9AB_COUNTRY_5A54,1.0173371547598709
2023-01-01,BRAND_C94B_COUNTRY_5A54,1.0377660958951829
2023-02-01,BRAND_C94B_COUNTRY_5A54,1.0377660958951829
2023-03-01,BRAND_C94B_COUNTRY_5A54,1.0377660958951829
2023-04-01,BRAND_C94B_COUNTRY_5A54,1.0377660958951829
2023-05-01,BRAND_C94B_COUNTRY_5A54,1.0377660958951829
2023-06-01,BRAND_C94B_COUNTRY_5A54,1.0377660958951829
2023-07-01,BRAND_C94B_COUNTRY_5A54,1.0377660958951829
2023-08-01,BRAND_C94B_COUNTRY_5A54,1.0377660958951829
2023-09-01,BRAND_C94B_COUNTRY_5A54,1.0377660958951829
2023-10-01,BRAND_C94B_COUNTRY_5A54,1.0377660958951829
2023-11-01,BRAND_C94B_COUNTRY_5A54,1.0377660958951829
2023-12-01,BRAND_C94B_COUNTRY_5A54,1.0377660958951829
2023-01-01,BRAND_F649_COUNTRY_5A54,1.027784256113988
2023-02-01,BRAND_F649_COUNTRY_5A54,1.027784256113988
2023-03-01,BRAND_F649_COUNTRY_5A54,1.027784256113988
2023-04-01,BRAND_F649_COUNTRY_5A54,1.027784256113988
2023-05-01,BRAND_F649_COUNTRY_5A54,1.027784256113988
2023-06-01,BRAND_F649_COUNTRY_5A54,1.027784256113988
2023-07-01,BRAND_F649_COUNTRY_5A54,1.027784256113988
2023-08-01,BRAND_F649_COUNTRY_5A54,1.027784256113988
2023-09-01,BRAND_F649_COUNTRY_5A54,1.027784256113988
2023-10-01,BRAND_F649_COUNTRY_5A54,1.027784256113988
2023-11-01,BRAND_F649_COUNTRY_5A54,1.027784256113988
2023-12-01,BRAND_F649_COUNTRY_5A54,1.027784256113988
2023-01-01,BRAND_C352_COUNTRY_1007,1.1242282298611843
2023-02-01,BRAND_C352_COUNTRY_1007,1.1242282298611843
2023-03-01,BRAND_C352_COUNTRY_1007,1.1242282298611843
2023-04-01,BRAND_C352_COUNTRY_1007,1.1242282298611843
2023-05-01,BRAND_C352_COUNTRY_1007,1.1242282298611843
2023-06-01,BRAND_C352_COUNTRY_1007,1.1242282298611843
2023-07-01,BRAND_C352_COUNTRY_1007,1.1242282298611843
2023-08-01,BRAND_C352_COUNTRY_1007,1.1242282298611843
2023-09-01,BRAND_C352_COUNTRY_1007,1.1242282298611843
2023-10-01,BRAND_C352_COUNTRY_1007,1.1242282298611843
2023-11-01,BRAND_C352_COUNTRY_1007,1.1242282298611843
2023-12-01,BRAND_C352_COUNTRY_1007,1.1242282298611843
2023-01-01,BRAND_9259_COUNTRY_1007,1.320328803431201
2023-02-01,BRAND_9259_COUNTRY_1007,1.320328803431201
2023-03-01,BRAND_9259_COUNTRY_1007,1.320328803431201
2023-04-01,BRAND_9259_COUNTRY_1007,1.320328803431201
2023-05-01,BRAND_9259_COUNTRY_1007,1.320328803431201
2023-06-01,BRAND_9259_COUNTRY_1007,1.320328803431201
2023-07-01,BRAND_9259_COUNTRY_1007,1.320328803431201
2023-08-01,BRAND_9259_COUNTRY_1007,1.320328803431201
2023-09-01,BRAND_9259_COUNTRY_1007,1.320328803431201
2023-10-01,BRAND_9259_COUNTRY_1007,1.320328803431201
2023-11-01,BRAND_9259_COUNTRY_1007,1.320328803431201
2023-12-01,BRAND_9259_COUNTRY_1007,1.320328803431201
2023-08-01,BRAND_740F_COUNTRY_6F78,0.0
2023-09-01,BRAND_740F_COUNTRY_6F78,0.0
2023-10-01,BRAND_740F_COUNTRY_6F78,0.0
2023-11-01,BRAND_740F_COUNTRY_6F78,0.0
2023-12-01,BRAND_740F_COUNTRY_6F78,0.0
2023-08-01,BRAND_D786_COUNTRY_D8B0,0.0
2023-09-01,BRAND_D786_COUNTRY_D8B0,0.0
2023-10-01,BRAND_D786_COUNTRY_D8B0,0.0
2023-11-01,BRAND_D786_COUNTRY_D8B0,0.0
2023-12-01,BRAND_D786_COUNTRY_D8B0,0.0
2023-08-01,BRAND_056A_COUNTRY_EF33,0.0
2023-09-01,BRAND_056A_COUNTRY_EF33,0.0
2023-10-01,BRAND_056A_COUNTRY_EF33,0.0
2023-11-01,BRAND_056A_COUNTRY_EF33,0.0
2023-12-01,BRAND_056A_COUNTRY_EF33,0.0
2023-08-01,BRAND_89E4_COUNTRY_3F0E,0.0
2023-09-01,BRAND_89E4_COUNTRY_3F0E,0.0
2023-10-01,BRAND_89E4_COUNTRY_3F0E,0.0
2023-11-01,BRAND_89E4_COUNTRY_3F0E,0.0
2023-12-01,BRAND_89E4_COUNTRY_3F0E,0.0
2023-08-01,BRAND_E9AB_COUNTRY_C89B,0.0
2023-09-01,BRAND_E9AB_COUNTRY_C89B,0.0
2023-10-01,BRAND_E9AB_COUNTRY_C89B,0.0
2023-11-01,BRAND_E9AB_COUNTRY_C89B,0.0
2023-12-01,BRAND_E9AB_COUNTRY_C89B,0.0
2023-08-01,BRAND_9DA9_COUNTRY_3F0E,0.0
2023-09-01,BRAND_9DA9_COUNTRY_3F0E,0.0
2023-10-01,BRAND_9DA9_COUNTRY_3F0E,0.0
2023-11-01,BRAND_9DA9_COUNTRY_3F0E,0.0
2023-12-01,BRAND_9DA9_COUNTRY_3F0E,0.0
2023-08-01,BRAND_E9AB_COUNTRY_8DBB,0.0
2023-09-01,BRAND_E9AB_COUNTRY_8DBB,0.0
2023-10-01,BRAND_E9AB_COUNTRY_8DBB,0.0
2023-11-01,BRAND_E9AB_COUNTRY_8DBB,0.0
2023-12-01,BRAND_E9AB_COUNTRY_8DBB,0.0
2023-09-01,BRAND_DB5A_COUNTRY_1007,0.0
2023-10-01,BRAND_DB5A_COUNTRY_1007,0.0
2023-11-01,BRAND_DB5A_COUNTRY_1007,0.0
2023-12-01,BRAND_DB5A_COUNTRY_1007,0.0
2023-09-01,BRAND_72DA_COUNTRY_B6AE,0.0
2023-10-01,BRAND_72DA_COUNTRY_B6AE,0.0
2023-11-01,BRAND_72DA_COUNTRY_B6AE,0.0
2023-09-01,BRAND_DB5A_COUNTRY_3AD0,0.0
2023-10-01,BRAND_DB5A_COUNTRY_3AD0,0.0
2023-11-01,BRAND_DB5A_COUNTRY_3AD0,0.0
2023-12-01,BRAND_DB5A_COUNTRY_3AD0,0.0
2023-09-01,BRAND_056A_COUNTRY_EA71,0.0
2023-10-01,BRAND_056A_COUNTRY_EA71,0.0
2023-11-01,BRAND_056A_COUNTRY_EA71,0.0
2023-12-01,BRAND_056A_COUNTRY_EA71,0.0
2023-09-01,BRAND_D786_COUNTRY_9891,0.0
2023-10-01,BRAND_D786_COUNTRY_9891,0.0
2023-11-01,BRAND_D786_COUNTRY_9891,0.0
2023-12-01,BRAND_D786_COUNTRY_9891,0.0
2023-09-01,BRAND_3938_COUNTRY_5A54,0.0
2023-10-01,BRAND_3938_COUNTRY_5A54,0.0
2023-11-01,BRAND_3938_COUNTRY_5A54,0.0
2023-12-01,BRAND_3938_COUNTRY_5A54,0.0
2023-10-01,BRAND_056A_COUNTRY_4253,0.0
2023-11-01,BRAND_056A_COUNTRY_4253,0.0
2023-12-01,BRAND_056A_COUNTRY_4253,0.0
2023-10-01,BRAND_E57A_COUNTRY_1007,0.0
2023-11-01,BRAND_E57A_COUNTRY_1007,0.0
2023-12-01,BRAND_E57A_COUNTRY_1007,0.0
2023-10-01,BRAND_D786_COUNTRY_0309,0.0
2023-11-01,BRAND_D786_COUNTRY_0309,0.0
2023-12-01,BRAND_D786_COUNTRY_0309,0.0
2023-10-01,BRAND_B8DE_COUNTRY_D8B0,0.0
2023-11-01,BRAND_B8DE_COUNTRY_D8B0,0.0
2023-12-01,BRAND_B8DE_COUNTRY_D8B0,0.0
2023-10-01,BRAND_B8DE_COUNTRY_9891,0.0
2023-11-01,BRAND_B8DE_COUNTRY_9891,0.0
2023-12-01,BRAND_B8DE_COUNTRY_9891,0.0
2023-10-01,BRAND_C94B_COUNTRY_6C16,0.0
2023-11-01,BRAND_C94B_COUNTRY_6C16,0.0
2023-12-01,BRAND_C94B_COUNTRY_6C16,0.0
2023-11-01,BRAND_056A_COUNTRY_907E,0.0
2023-12-01,BRAND_056A_COUNTRY_907E,0.0
2023-11-01,BRAND_9259_COUNTRY_9488,0.0
2023-12-01,BRAND_9259_COUNTRY_9488,0.0
2023-11-01,BRAND_056A_COUNTRY_9488,0.0
2023-12-01,BRAND_056A_COUNTRY_9488,0.0
2023-11-01,BRAND_F649_COUNTRY_9488,0.0
2023-12-01,BRAND_F649_COUNTRY_9488,0.0
2023-11-01,BRAND_7250_COUNTRY_53A5,0.0
2023-12-01,BRAND_7250_COUNTRY_53A5,0.0
2023-11-01,BRAND_056A_COUNTRY_6F78,0.0
2023-12-01,BRAND_056A_COUNTRY_6F78,0.0
2023-11-01,BRAND_740F_COUNTRY_FA79,0.0
2023-12-01,BRAND_740F_COUNTRY_FA79,0.0
2023-11-01,BRAND_056A_COUNTRY_8B47,0.0
2023-12-01,BRAND_056A_COUNTRY_8B47,0.0
2023-11-01,BRAND_DB5A_COUNTRY_9488,0.0
2023-12-01,BRAND_DB5A_COUNTRY_9488,0.0
2023-11-01,BRAND_138D_COUNTRY_5FEB,0.0
2023-12-01,BRAND_138D_COUNTRY_5FEB,0.0
2023-11-01,BRAND_248D_COUNTRY_907E,0.0
2023-12-01,BRAND_248D_COUNTRY_907E,0.0
2023-11-01,BRAND_B8DE_COUNTRY_0309,0.0
2023-12-01,BRAND_B8DE_COUNTRY_0309,0.0
2023-12-01,BRAND_81A0_COUNTRY_9891,0.0
2023-12-01,BRAND_B8DE_COUNTRY_C8F4,0.0
2023-12-01,BRAND_417D_COUNTRY_B6AE,0.0
2023-01-01,BRAND_E57A_COUNTRY_06E4,1.0069925670445306
2023-02-01,BRAND_E57A_COUNTRY_06E4,1.0069925670445306
2023-03-01,BRAND_E57A_COUNTRY_06E4,1.0069925670445306
2023-04-01,BRAND_E57A_COUNTRY_06E4,1.0069925670445306
2023-05-01,BRAND_E57A_COUNTRY_06E4,1.0069925670445306
2023-06-01,BRAND_E57A_COUNTRY_06E4,1.0069925670445306
2023-07-01,BRAND_E57A_COUNTRY_06E4,1.0069925670445306
2023-08-01,BRAND_E57A_COUNTRY_06E4,1.0069925670445306
2023-09-01,BRAND_E57A_COUNTRY_06E4,1.0069925670445306
2023-10-01,BRAND_E57A_COUNTRY_06E4,1.0069925670445306
2023-11-01,BRAND_E57A_COUNTRY_06E4,1.0069925670445306
2023-12-01,BRAND_E57A_COUNTRY_06E4,1.0069925670445306
2023-01-01,BRAND_014B_COUNTRY_06E4,1.0
2023-02-01,BRAND_014B_COUNTRY_06E4,1.0
2023-03-01,BRAND_014B_COUNTRY_06E4,1.0
2023-04-01,BRAND_014B_COUNTRY_06E4,1.0
2023-05-01,BRAND_014B_COUNTRY_06E4,1.0
2023-06-01,BRAND_014B_COUNTRY_06E4,1.0
2023-07-01,BRAND_014B_COUNTRY_06E4,1.0
2023-08-01,BRAND_014B_COUNTRY_06E4,1.0
2023-09-01,BRAND_014B_COUNTRY_06E4,1.0
2023-10-01,BRAND_014B_COUNTRY_06E4,1.0
2023-11-01,BRAND_014B_COUNTRY_06E4,1.0
2023-12-01,BRAND_014B_COUNTRY_06E4,1.0
2023-01-01,BRAND_1E6F_COUNTRY_4647,1.007474822394551
2023-02-01,BRAND_1E6F_COUNTRY_4647,1.007474822394551
2023-03-01,BRAND_1E6F_COUNTRY_4647,1.007474822394551
2023-04-01,BRAND_1E6F_COUNTRY_4647,1.007474822394551
2023-05-01,BRAND_1E6F_COUNTRY_4647,1.007474822394551
2023-06-01,BRAND_1E6F_COUNTRY_4647,1.007474822394551
2023-07-01,BRAND_1E6F_COUNTRY_4647,1.007474822394551
2023-08-01,BRAND_1E6F_COUNTRY_4647,1.007474822394551
2023-09-01,BRAND_1E6F_COUNTRY_4647,1.007474822394551
2023-10-01,BRAND_1E6F_COUNTRY_4647,1.007474822394551
2023-11-01,BRAND_1E6F_COUNTRY_4647,1.007474822394551
2023-12-01,BRAND_1E6F_COUNTRY_4647,1.007474822394551
2023-01-01,BRAND_9259_COUNTRY_FA79,1.002087055937954
2023-02-01,BRAND_9259_COUNTRY_FA79,1.002087055937954
2023-03-01,BRAND_9259_COUNTRY_FA79,1.002087055937954
2023-04-01,BRAND_9259_COUNTRY_FA79,1.002087055937954
2023-05-01,BRAND_9259_COUNTRY_FA79,1.002087055937954
2023-06-01,BRAND_9259_COUNTRY_FA79,1.002087055937954
2023-07-01,BRAND_9259_COUNTRY_FA79,1.002087055937954
2023-08-01,BRAND_9259_COUNTRY_FA79,1.002087055937954
2023-09-01,BRAND_9259_COUNTRY_FA79,1.002087055937954
2023-10-01,BRAND_9259_COUNTRY_FA79,1.002087055937954
2023-11-01,BRAND_9259_COUNTRY_FA79,1.002087055937954
2023-12-01,BRAND_9259_COUNTRY_FA79,1.002087055937954
2023-01-01,BRAND_106A_COUNTRY_E319,1.00113069316267
2023-02-01,BRAND_106A_COUNTRY_E319,1.00113069316267
2023-03-01,BRAND_106A_COUNTRY_E319,1.00113069316267
2023-04-01,BRAND_106A_COUNTRY_E319,1.00113069316267
2023-05-01,BRAND_106A_COUNTRY_E319,1.00113069316267
2023-06-01,BRAND_106A_COUNTRY_E319,1.00113069316267
2023-07-01,BRAND_106A_COUNTRY_E319,1.00113069316267
2023-08-01,BRAND_106A_COUNTRY_E319,1.00113069316267
2023-09-01,BRAND_106A_COUNTRY_E319,1.00113069316267
2023-10-01,BRAND_106A_COUNTRY_E319,1.00113069316267
2023-11-01,BRAND_106A_COUNTRY_E319,1.00113069316267
2023-12-01,BRAND_106A_COUNTRY_E319,1.00113069316267
2023-01-01,BRAND_3938_COUNTRY_907E,1.0
2023-02-01,BRAND_3938_COUNTRY_907E,1.0
2023-03-01,BRAND_3938_COUNTRY_907E,1.0
2023-04-01,BRAND_3938_COUNTRY_907E,1.0
2023-05-01,BRAND_3938_COUNTRY_907E,1.0
2023-06-01,BRAND_3938_COUNTRY_907E,1.0
2023-07-01,BRAND_3938_COUNTRY_907E,1.0
2023-08-01,BRAND_3938_COUNTRY_907E,1.0
2023-09-01,BRAND_3938_COUNTRY_907E,1.0
2023-10-01,BRAND_3938_COUNTRY_907E,1.0
2023-11-01,BRAND_3938_COUNTRY_907E,1.0
2023-12-01,BRAND_3938_COUNTRY_907E,1.0
2023-01-01,BRAND_F649_COUNTRY_FA79,1.0009286244403133
2023-02-01,BRAND_F649_COUNTRY_FA79,1.0009286244403133
2023-03-01,BRAND_F649_COUNTRY_FA79,1.0009286244403133
2023-04-01,BRAND_F649_COUNTRY_FA79,1.0009286244403133
2023-05-01,BRAND_F649_COUNTRY_FA79,1.0009286244403133
2023-06-01,BRAND_F649_COUNTRY_FA79,1.0009286244403133
2023-07-01,BRAND_F649_COUNTRY_FA79,1.0009286244403133
2023-08-01,BRAND_F649_COUNTRY_FA79,1.0009286244403133
2023-09-01,BRAND_F649_COUNTRY_FA79,1.0009286244403133
2023-10-01,BRAND_F649_COUNTRY_FA79,1.0009286244403133
2023-11-01,BRAND_F649_COUNTRY_FA79,1.0009286244403133
2023-12-01,BRAND_F649_COUNTRY_FA79,1.0009286244403133
2023-01-01,BRAND_F649_COUNTRY_2E65,1.0081566515826663
2023-02-01,BRAND_F649_COUNTRY_2E65,1.0081566515826663
2023-03-01,BRAND_F649_COUNTRY_2E65,1.0081566515826663
2023-04-01,BRAND_F649_COUNTRY_2E65,1.0081566515826663
2023-05-01,BRAND_F649_COUNTRY_2E65,1.0081566515826663
2023-06-01,BRAND_F649_COUNTRY_2E65,1.0081566515826663
2023-07-01,BRAND_F649_COUNTRY_2E65,1.0081566515826663
2023-08-01,BRAND_F649_COUNTRY_2E65,1.0081566515826663
2023-09-01,BRAND_F649_COUNTRY_2E65,1.0081566515826663
2023-10-01,BRAND_F649_COUNTRY_2E65,1.0081566515826663
2023-11-01,BRAND_F649_COUNTRY_2E65,1.0081566515826663
2023-12-01,BRAND_F649_COUNTRY_2E65,1.0081566515826663
2023-01-01,BRAND_60F2_COUNTRY_C89B,1.0058102865953429
2023-02-01,BRAND_60F2_COUNTRY_C89B,1.0058102865953429
2023-03-01,BRAND_60F2_COUNTRY_C89B,1.0058102865953429
2023-04-01,BRAND_60F2_COUNTRY_C89B,1.0058102865953429
2023-05-01,BRAND_60F2_COUNTRY_C89B,1.0058102865953429
2023-06-01,BRAND_60F2_COUNTRY_C89B,1.0058102865953429
2023-07-01,BRAND_60F2_COUNTRY_C89B,1.0058102865953429
2023-08-01,BRAND_60F2_COUNTRY_C89B,1.0058102865953429
2023-09-01,BRAND_60F2_COUNTRY_C89B,1.0058102865953429
2023-10-01,BRAND_60F2_COUNTRY_C89B,1.0058102865953429
2023-11-01,BRAND_60F2_COUNTRY_C89B,1.0058102865953429
2023-12-01,BRAND_60F2_COUNTRY_C89B,1.0058102865953429
2023-01-01,BRAND_740F_COUNTRY_8B47,1.0009356789954995
2023-02-01,BRAND_740F_COUNTRY_8B47,1.0009356789954995
2023-03-01,BRAND_740F_COUNTRY_8B47,1.0009356789954995
2023-04-01,BRAND_740F_COUNTRY_8B47,1.0009356789954995
2023-05-01,BRAND_740F_COUNTRY_8B47,1.0009356789954995
2023-06-01,BRAND_740F_COUNTRY_8B47,1.0009356789954995
2023-07-01,BRAND_740F_COUNTRY_8B47,1.0009356789954995
2023-08-01,BRAND_740F_COUNTRY_8B47,1.0009356789954995
2023-09-01,BRAND_740F_COUNTRY_8B47,1.0009356789954995
2023-10-01,BRAND_740F_COUNTRY_8B47,1.0009356789954995
2023-11-01,BRAND_740F_COUNTRY_8B47,1.0009356789954995
2023-12-01,BRAND_740F_COUNTRY_8B47,1.0009356789954995
2023-01-01,BRAND_740F_COUNTRY_0309,1.028799177280322
2023-02-01,BRAND_740F_COUNTRY_0309,1.028799177280322
2023-03-01,BRAND_740F_COUNTRY_0309,1.028799177280322
2023-04-01,BRAND_740F_COUNTRY_0309,1.028799177280322
2023-05-01,BRAND_740F_COUNTRY_0309,1.028799177280322
2023-06-01,BRAND_740F_COUNTRY_0309,1.028799177280322
2023-07-01,BRAND_740F_COUNTRY_0309,1.028799177280322
2023-08-01,BRAND_740F_COUNTRY_0309,1.028799177280322
2023-09-01,BRAND_740F_COUNTRY_0309,1.028799177280322
2023-10-01,BRAND_740F_COUNTRY_0309,1.028799177280322
2023-11-01,BRAND_740F_COUNTRY_0309,1.028799177280322
2023-12-01,BRAND_740F_COUNTRY_0309,1.028799177280322
2023-01-01,BRAND_E57A_COUNTRY_6F78,1.0022754225355204
2023-02-01,BRAND_E57A_COUNTRY_6F78,1.0022754225355204
2023-03-01,BRAND_E57A_COUNTRY_6F78,1.0022754225355204
2023-04-01,BRAND_E57A_COUNTRY_6F78,1.0022754225355204
2023-05-01,BRAND_E57A_COUNTRY_6F78,1.0022754225355204
2023-06-01,BRAND_E57A_COUNTRY_6F78,1.0022754225355204
2023-07-01,BRAND_E57A_COUNTRY_6F78,1.0022754225355204
2023-08-01,BRAND_E57A_COUNTRY_6F78,1.0022754225355204
2023-09-01,BRAND_E57A_COUNTRY_6F78,1.0022754225355204
2023-10-01,BRAND_E57A_COUNTRY_6F78,1.0022754225355204
2023-11-01,BRAND_E57A_COUNTRY_6F78,1.0022754225355204
2023-12-01,BRAND_E57A_COUNTRY_6F78,1.0022754225355204
2023-01-01,BRAND_FB69_COUNTRY_4D48,1.003543792101208
2023-02-01,BRAND_FB69_COUNTRY_4D48,1.003543792101208
2023-03-01,BRAND_FB69_COUNTRY_4D48,1.003543792101208
2023-04-01,BRAND_FB69_COUNTRY_4D48,1.003543792101208
2023-05-01,BRAND_FB69_COUNTRY_4D48,1.003543792101208
2023-06-01,BRAND_FB69_COUNTRY_4D48,1.003543792101208
2023-07-01,BRAND_FB69_COUNTRY_4D48,1.003543792101208
2023-08-01,BRAND_FB69_COUNTRY_4D48,1.003543792101208
2023-09-01,BRAND_FB69_COUNTRY_4D48,1.003543792101208
2023-10-01,BRAND_FB69_COUNTRY_4D48,1.003543792101208
2023-11-01,BRAND_FB69_COUNTRY_4D48,1.003543792101208
2023-12-01,BRAND_FB69_COUNTRY_4D48,1.003543792101208
2023-01-01,BRAND_12B2_COUNTRY_AE54,1.0546443802710874
2023-02-01,BRAND_12B2_COUNTRY_AE54,1.0546443802710874
2023-03-01,BRAND_12B2_COUNTRY_AE54,1.0546443802710874
2023-04-01,BRAND_12B2_COUNTRY_AE54,1.0546443802710874
2023-05-01,BRAND_12B2_COUNTRY_AE54,1.0546443802710874
2023-06-01,BRAND_12B2_COUNTRY_AE54,1.0546443802710874
2023-07-01,BRAND_12B2_COUNTRY_AE54,1.0546443802710874
2023-08-01,BRAND_12B2_COUNTRY_AE54,1.0546443802710874
2023-09-01,BRAND_12B2_COUNTRY_AE54,1.0546443802710874
2023-10-01,BRAND_12B2_COUNTRY_AE54,1.0546443802710874
2023-11-01,BRAND_12B2_COUNTRY_AE54,1.0546443802710874
2023-12-01,BRAND_12B2_COUNTRY_AE54,1.0546443802710874
2023-01-01,BRAND_E57A_COUNTRY_0309,1.060141425374918
2023-02-01,BRAND_E57A_COUNTRY_0309,1.060141425374918
2023-03-01,BRAND_E57A_COUNTRY_0309,1.060141425374918
2023-04-01,BRAND_E57A_COUNTRY_0309,1.060141425374918
2023-05-01,BRAND_E57A_COUNTRY_0309,1.060141425374918
2023-06-01,BRAND_E57A_COUNTRY_0309,1.060141425374918
2023-07-01,BRAND_E57A_COUNTRY_0309,1.060141425374918
2023-08-01,BRAND_E57A_COUNTRY_0309,1.060141425374918
2023-09-01,BRAND_E57A_COUNTRY_0309,1.060141425374918
2023-10-01,BRAND_E57A_COUNTRY_0309,1.060141425374918
2023-11-01,BRAND_E57A_COUNTRY_0309,1.060141425374918
2023-12-01,BRAND_E57A_COUNTRY_0309,1.060141425374918
2023-01-01,BRAND_C352_COUNTRY_8B47,1.0325645760638515
2023-02-01,BRAND_C352_COUNTRY_8B47,1.0325645760638515
2023-03-01,BRAND_C352_COUNTRY_8B47,1.0325645760638515
2023-04-01,BRAND_C352_COUNTRY_8B47,1.0325645760638515
2023-05-01,BRAND_C352_COUNTRY_8B47,1.0325645760638515
2023-06-01,BRAND_C352_COUNTRY_8B47,1.0325645760638515
2023-07-01,BRAND_C352_COUNTRY_8B47,1.0325645760638515
2023-08-01,BRAND_C352_COUNTRY_8B47,1.0325645760638515
2023-09-01,BRAND_C352_COUNTRY_8B47,1.0325645760638515
2023-10-01,BRAND_C352_COUNTRY_8B47,1.0325645760638515
2023-11-01,BRAND_C352_COUNTRY_8B47,1.0325645760638515
2023-12-01,BRAND_C352_COUNTRY_8B47,1.0325645760638515
2023-01-01,BRAND_740F_COUNTRY_06E4,1.0012060148799853
2023-02-01,BRAND_740F_COUNTRY_06E4,1.0012060148799853
2023-03-01,BRAND_740F_COUNTRY_06E4,1.0012060148799853
2023-04-01,BRAND_740F_COUNTRY_06E4,1.0012060148799853
2023-05-01,BRAND_740F_COUNTRY_06E4,1.0012060148799853
2023-06-01,BRAND_740F_COUNTRY_06E4,1.0012060148799853
2023-07-01,BRAND_740F_COUNTRY_06E4,1.0012060148799853
2023-08-01,BRAND_740F_COUNTRY_06E4,1.0012060148799853
2023-09-01,BRAND_740F_COUNTRY_06E4,1.0012060148799853
2023-10-01,BRAND_740F_COUNTRY_06E4,1.0012060148799853
2023-11-01,BRAND_740F_COUNTRY_06E4,1.0012060148799853
2023-12-01,BRAND_740F_COUNTRY_06E4,1.0012060148799853
2023-01-01,BRAND_AA1F_COUNTRY_06E4,1.0144979135058765
2023-02-01,BRAND_AA1F_COUNTRY_06E4,1.0144979135058765
2023-03-01,BRAND_AA1F_COUNTRY_06E4,1.0144979135058765
2023-04-01,BRAND_AA1F_COUNTRY_06E4,1.0144979135058765
2023-05-01,BRAND_AA1F_COUNTRY_06E4,1.0144979135058765
2023-06-01,BRAND_AA1F_COUNTRY_06E4,1.0144979135058765
2023-07-01,BRAND_AA1F_COUNTRY_06E4,1.0144979135058765
2023-08-01,BRAND_AA1F_COUNTRY_06E4,1.0144979135058765
2023-09-01,BRAND_AA1F_COUNTRY_06E4,1.0144979135058765
2023-10-01,BRAND_AA1F_COUNTRY_06E4,1.0144979135058765
2023-11-01,BRAND_AA1F_COUNTRY_06E4,1.0144979135058765
2023-12-01,BRAND_AA1F_COUNTRY_06E4,1.0144979135058765
2023-01-01,BRAND_014B_COUNTRY_0309,1.0040544828709477
2023-02-01,BRAND_014B_COUNTRY_0309,1.0040544828709477
2023-03-01,BRAND_014B_COUNTRY_0309,1.0040544828709477
2023-04-01,BRAND_014B_COUNTRY_0309,1.0040544828709477
2023-05-01,BRAND_014B_COUNTRY_0309,1.0040544828709477
2023-06-01,BRAND_014B_COUNTRY_0309,1.0040544828709477
2023-07-01,BRAND_014B_COUNTRY_0309,1.0040544828709477
2023-08-01,BRAND_014B_COUNTRY_0309,1.0040544828709477
2023-09-01,BRAND_014B_COUNTRY_0309,1.0040544828709477
2023-10-01,BRAND_014B_COUNTRY_0309,1.0040544828709477
2023-11-01,BRAND_014B_COUNTRY_0309,1.0040544828709477
2023-12-01,BRAND_014B_COUNTRY_0309,1.0040544828709477
2023-01-01,BRAND_FB57_COUNTRY_907E,1.0245285626273246
2023-02-01,BRAND_FB57_COUNTRY_907E,1.0245285626273246
2023-03-01,BRAND_FB57_COUNTRY_907E,1.0245285626273246
2023-04-01,BRAND_FB57_COUNTRY_907E,1.0245285626273246
2023-05-01,BRAND_FB57_COUNTRY_907E,1.0245285626273246
2023-06-01,BRAND_FB57_COUNTRY_907E,1.0245285626273246
2023-07-01,BRAND_FB57_COUNTRY_907E,1.0245285626273246
2023-08-01,BRAND_FB57_COUNTRY_907E,1.0245285626273246
2023-09-01,BRAND_FB57_COUNTRY_907E,1.0245285626273246
2023-10-01,BRAND_FB57_COUNTRY_907E,1.0245285626273246
2023-11-01,BRAND_FB57_COUNTRY_907E,1.0245285626273246
2023-12-01,BRAND_FB57_COUNTRY_907E,1.0245285626273246
2023-01-01,BRAND_056A_COUNTRY_0309,0.0
2023-02-01,BRAND_056A_COUNTRY_0309,0.0
2023-03-01,BRAND_056A_COUNTRY_0309,0.0
2023-04-01,BRAND_056A_COUNTRY_0309,0.0
2023-05-01,BRAND_056A_COUNTRY_0309,0.0
2023-06-01,BRAND_056A_COUNTRY_0309,0.0
2023-07-01,BRAND_056A_COUNTRY_0309,0.0
2023-08-01,BRAND_056A_COUNTRY_0309,0.0
2023-09-01,BRAND_056A_COUNTRY_0309,0.0
2023-10-01,BRAND_056A_COUNTRY_0309,0.0
2023-11-01,BRAND_056A_COUNTRY_0309,0.0
2023-12-01,BRAND_056A_COUNTRY_0309,0.0
2023-01-01,BRAND_F649_COUNTRY_907E,1.1079615243525356
2023-02-01,BRAND_F649_COUNTRY_907E,1.1079615243525356
2023-03-01,BRAND_F649_COUNTRY_907E,1.1079615243525356
2023-04-01,BRAND_F649_COUNTRY_907E,1.1079615243525356
2023-05-01,BRAND_F649_COUNTRY_907E,1.1079615243525356
2023-06-01,BRAND_F649_COUNTRY_907E,1.1079615243525356
2023-07-01,BRAND_F649_COUNTRY_907E,1.1079615243525356
2023-08-01,BRAND_F649_COUNTRY_907E,1.1079615243525356
2023-09-01,BRAND_F649_COUNTRY_907E,1.1079615243525356
2023-10-01,BRAND_F649_COUNTRY_907E,1.1079615243525356
2023-11-01,BRAND_F649_COUNTRY_907E,1.1079615243525356
2023-12-01,BRAND_F649_COUNTRY_907E,1.1079615243525356
2023-01-01,BRAND_CFD9_COUNTRY_AE54,3.599429356247622
2023-02-01,BRAND_CFD9_COUNTRY_AE54,3.599429356247622
2023-03-01,BRAND_CFD9_COUNTRY_AE54,3.599429356247622
2023-04-01,BRAND_CFD9_COUNTRY_AE54,3.599429356247622
2023-05-01,BRAND_CFD9_COUNTRY_AE54,3.599429356247622
2023-06-01,BRAND_CFD9_COUNTRY_AE54,3.599429356247622
2023-07-01,BRAND_CFD9_COUNTRY_AE54,3.599429356247622
2023-08-01,BRAND_CFD9_COUNTRY_AE54,3.599429356247622
2023-09-01,BRAND_CFD9_COUNTRY_AE54,3.599429356247622
2023-10-01,BRAND_CFD9_COUNTRY_AE54,3.599429356247622
2023-11-01,BRAND_CFD9_COUNTRY_AE54,3.599429356247622
2023-12-01,BRAND_CFD9_COUNTRY_AE54,3.599429356247622
2023-01-01,BRAND_9259_COUNTRY_907E,1.2585104143656636
2023-02-01,BRAND_9259_COUNTRY_907E,1.2585104143656636
2023-03-01,BRAND_9259_COUNTRY_907E,1.2585104143656636
2023-04-01,BRAND_9259_COUNTRY_907E,1.2585104143656636
2023-05-01,BRAND_9259_COUNTRY_907E,1.2585104143656636
2023-06-01,BRAND_9259_COUNTRY_907E,1.2585104143656636
2023-07-01,BRAND_9259_COUNTRY_907E,1.2585104143656636
2023-08-01,BRAND_9259_COUNTRY_907E,1.2585104143656636
2023-09-01,BRAND_9259_COUNTRY_907E,1.2585104143656636
2023-10-01,BRAND_9259_COUNTRY_907E,1.2585104143656636
2023-11-01,BRAND_9259_COUNTRY_907E,1.2585104143656636
2023-12-01,BRAND_9259_COUNTRY_907E,1.2585104143656636
2023-01-01,BRAND_B1E8_COUNTRY_AE54,1.0427150182767724
2023-02-01,BRAND_B1E8_COUNTRY_AE54,1.0427150182767724
2023-03-01,BRAND_B1E8_COUNTRY_AE54,1.0427150182767724
2023-04-01,BRAND_B1E8_COUNTRY_AE54,1.0427150182767724
2023-05-01,BRAND_B1E8_COUNTRY_AE54,1.0427150182767724
2023-06-01,BRAND_B1E8_COUNTRY_AE54,1.0427150182767724
2023-07-01,BRAND_B1E8_COUNTRY_AE54,1.0427150182767724
2023-08-01,BRAND_B1E8_COUNTRY_AE54,1.0427150182767724
2023-09-01,BRAND_B1E8_COUNTRY_AE54,1.0427150182767724
2023-10-01,BRAND_B1E8_COUNTRY_AE54,1.0427150182767724
2023-11-01,BRAND_B1E8_COUNTRY_AE54,1.0427150182767724
2023-12-01,BRAND_B1E8_COUNTRY_AE54,1.0427150182767724
2023-01-01,BRAND_056A_COUNTRY_D8B0,1.5913547850666987
2023-02-01,BRAND_056A_COUNTRY_D8B0,1.5913547850666987
2023-03-01,BRAND_056A_COUNTRY_D8B0,1.5913547850666987
2023-04-01,BRAND_056A_COUNTRY_D8B0,1.5913547850666987
2023-05-01,BRAND_056A_COUNTRY_D8B0,1.5913547850666987
2023-06-01,BRAND_056A_COUNTRY_D8B0,1.5913547850666987
2023-07-01,BRAND_056A_COUNTRY_D8B0,1.5913547850666987
2023-08-01,BRAND_056A_COUNTRY_D8B0,1.5913547850666987
2023-09-01,BRAND_056A_COUNTRY_D8B0,1.5913547850666987
2023-10-01,BRAND_056A_COUNTRY_D8B0,1.5913547850666987
2023-11-01,BRAND_056A_COUNTRY_D8B0,1.5913547850666987
2023-12-01,BRAND_056A_COUNTRY_D8B0,1.5913547850666987
2023-01-01,BRAND_740F_COUNTRY_5180,1.0204761254103605
2023-02-01,BRAND_740F_COUNTRY_5180,1.0204761254103605
2023-03-01,BRAND_740F_COUNTRY_5180,1.0204761254103605
2023-04-01,BRAND_740F_COUNTRY_5180,1.0204761254103605
2023-05-01,BRAND_740F_COUNTRY_5180,1.0204761254103605
2023-06-01,BRAND_740F_COUNTRY_5180,1.0204761254103605
2023-07-01,BRAND_740F_COUNTRY_5180,1.0204761254103605
2023-08-01,BRAND_740F_COUNTRY_5180,1.0204761254103605
2023-09-01,BRAND_740F_COUNTRY_5180,1.0204761254103605
2023-10-01,BRAND_740F_COUNTRY_5180,1.0204761254103605
2023-11-01,BRAND_740F_COUNTRY_5180,1.0204761254103605
2023-12-01,BRAND_740F_COUNTRY_5180,1.0204761254103605
2023-01-01,BRAND_F649_COUNTRY_5180,1.0204509609826664
2023-02-01,BRAND_F649_COUNTRY_5180,1.0204509609826664
2023-03-01,BRAND_F649_COUNTRY_5180,1.0204509609826664
2023-04-01,BRAND_F649_COUNTRY_5180,1.0204509609826664
2023-05-01,BRAND_F649_COUNTRY_5180,1.0204509609826664
2023-06-01,BRAND_F649_COUNTRY_5180,1.0204509609826664
2023-07-01,BRAND_F649_COUNTRY_5180,1.0204509609826664
2023-08-01,BRAND_F649_COUNTRY_5180,1.0204509609826664
2023-09-01,BRAND_F649_COUNTRY_5180,1.0204509609826664
2023-10-01,BRAND_F649_COUNTRY_5180,1.0204509609826664
2023-11-01,BRAND_F649_COUNTRY_5180,1.0204509609826664
2023-12-01,BRAND_F649_COUNTRY_5180,1.0204509609826664
2023-01-01,BRAND_4888_COUNTRY_AE54,1.431187168566045
2023-02-01,BRAND_4888_COUNTRY_AE54,1.431187168566045
2023-03-01,BRAND_4888_COUNTRY_AE54,1.431187168566045
2023-04-01,BRAND_4888_COUNTRY_AE54,1.431187168566045
2023-05-01,BRAND_4888_COUNTRY_AE54,1.431187168566045
2023-06-01,BRAND_4888_COUNTRY_AE54,1.431187168566045
2023-07-01,BRAND_4888_COUNTRY_AE54,1.431187168566045
2023-08-01,BRAND_4888_COUNTRY_AE54,1.431187168566045
2023-09-01,BRAND_4888_COUNTRY_AE54,1.431187168566045
2023-10-01,BRAND_4888_COUNTRY_AE54,1.431187168566045
2023-11-01,BRAND_4888_COUNTRY_AE54,1.431187168566045
2023-12-01,BRAND_4888_COUNTRY_AE54,1.431187168566045
2023-01-01,BRAND_E57A_COUNTRY_5180,1.0333079769952718
2023-02-01,BRAND_E57A_COUNTRY_5180,1.0333079769952718
2023-03-01,BRAND_E57A_COUNTRY_5180,1.0333079769952718
2023-04-01,BRAND_E57A_COUNTRY_5180,1.0333079769952718
2023-05-01,BRAND_E57A_COUNTRY_5180,1.0333079769952718
2023-06-01,BRAND_E57A_COUNTRY_5180,1.0333079769952718
2023-07-01,BRAND_E57A_COUNTRY_5180,1.0333079769952718
2023-08-01,BRAND_E57A_COUNTRY_5180,1.0333079769952718
2023-09-01,BRAND_E57A_COUNTRY_5180,1.0333079769952718
2023-10-01,BRAND_E57A_COUNTRY_5180,1.0333079769952718
2023-11-01,BRAND_E57A_COUNTRY_5180,1.0333079769952718
2023-12-01,BRAND_E57A_COUNTRY_5180,1.0333079769952718
2023-01-01,BRAND_9259_COUNTRY_5180,1.0930002629717173
2023-02-01,BRAND_9259_COUNTRY_5180,1.0930002629717173
2023-03-01,BRAND_9259_COUNTRY_5180,1.0930002629717173
2023-04-01,BRAND_9259_COUNTRY_5180,1.0930002629717173
2023-05-01,BRAND_9259_COUNTRY_5180,1.0930002629717173
2023-06-01,BRAND_9259_COUNTRY_5180,1.0930002629717173
2023-07-01,BRAND_9259_COUNTRY_5180,1.0930002629717173
2023-08-01,BRAND_9259_COUNTRY_5180,1.0930002629717173
2023-09-01,BRAND_9259_COUNTRY_5180,1.0930002629717173
2023-10-01,BRAND_9259_COUNTRY_5180,1.0930002629717173
2023-11-01,BRAND_9259_COUNTRY_5180,1.0930002629717173
2023-12-01,BRAND_9259_COUNTRY_5180,1.0930002629717173
2023-01-01,BRAND_1E6F_COUNTRY_AE54,1.01461872772966
2023-02-01,BRAND_1E6F_COUNTRY_AE54,1.01461872772966
2023-03-01,BRAND_1E6F_COUNTRY_AE54,1.01461872772966
2023-04-01,BRAND_1E6F_COUNTRY_AE54,1.01461872772966
2023-05-01,BRAND_1E6F_COUNTRY_AE54,1.01461872772966
2023-06-01,BRAND_1E6F_COUNTRY_AE54,1.01461872772966
2023-07-01,BRAND_1E6F_COUNTRY_AE54,1.01461872772966
2023-08-01,BRAND_1E6F_COUNTRY_AE54,1.01461872772966
2023-09-01,BRAND_1E6F_COUNTRY_AE54,1.01461872772966
2023-10-01,BRAND_1E6F_COUNTRY_AE54,1.01461872772966
2023-11-01,BRAND_1E6F_COUNTRY_AE54,1.01461872772966
2023-12-01,BRAND_1E6F_COUNTRY_AE54,1.01461872772966
2023-01-01,BRAND_014B_COUNTRY_6C16,1.5778055929233594
2023-02-01,BRAND_014B_COUNTRY_6C16,1.5778055929233594
2023-03-01,BRAND_014B_COUNTRY_6C16,1.5778055929233594
2023-04-01,BRAND_014B_COUNTRY_6C16,1.5778055929233594
2023-05-01,BRAND_014B_COUNTRY_6C16,1.5778055929233594
2023-06-01,BRAND_014B_COUNTRY_6C16,1.5778055929233594
2023-07-01,BRAND_014B_COUNTRY_6C16,1.5778055929233594
2023-08-01,BRAND_014B_COUNTRY_6C16,1.5778055929233594
2023-09-01,BRAND_014B_COUNTRY_6C16,1.5778055929233594
2023-10-01,BRAND_014B_COUNTRY_6C16,1.5778055929233594
2023-11-01,BRAND_014B_COUNTRY_6C16,1.5778055929233594
2023-12-01,BRAND_014B_COUNTRY_6C16,1.5778055929233594
2023-01-01,BRAND_D72F_COUNTRY_C89B,1.0177522898514793
2023-02-01,BRAND_D72F_COUNTRY_C89B,1.0177522898514793
2023-03-01,BRAND_D72F_COUNTRY_C89B,1.0177522898514793
2023-04-01,BRAND_D72F_COUNTRY_C89B,1.0177522898514793
2023-05-01,BRAND_D72F_COUNTRY_C89B,1.0177522898514793
2023-06-01,BRAND_D72F_COUNTRY_C89B,1.0177522898514793
2023-07-01,BRAND_D72F_COUNTRY_C89B,1.0177522898514793
2023-08-01,BRAND_D72F_COUNTRY_C89B,1.0177522898514793
2023-09-01,BRAND_D72F_COUNTRY_C89B,1.0177522898514793
2023-10-01,BRAND_D72F_COUNTRY_C89B,1.0177522898514793
2023-11-01,BRAND_D72F_COUNTRY_C89B,1.0177522898514793
2023-12-01,BRAND_D72F_COUNTRY_C89B,1.0177522898514793
2023-01-01,BRAND_9259_COUNTRY_89F9,1.259308126025312
2023-02-01,BRAND_9259_COUNTRY_89F9,1.259308126025312
2023-03-01,BRAND_9259_COUNTRY_89F9,1.259308126025312
2023-04-01,BRAND_9259_COUNTRY_89F9,1.259308126025312
2023-05-01,BRAND_9259_COUNTRY_89F9,1.259308126025312
2023-06-01,BRAND_9259_COUNTRY_89F9,1.259308126025312
2023-07-01,BRAND_9259_COUNTRY_89F9,1.259308126025312
2023-08-01,BRAND_9259_COUNTRY_89F9,1.259308126025312
2023-09-01,BRAND_9259_COUNTRY_89F9,1.259308126025312
2023-10-01,BRAND_9259_COUNTRY_89F9,1.259308126025312
2023-11-01,BRAND_9259_COUNTRY_89F9,1.259308126025312
2023-12-01,BRAND_9259_COUNTRY_89F9,1.259308126025312
2023-01-01,BRAND_740F_COUNTRY_88A3,1.0013653363496182
2023-02-01,BRAND_740F_COUNTRY_88A3,1.0013653363496182
2023-03-01,BRAND_740F_COUNTRY_88A3,1.0013653363496182
2023-04-01,BRAND_740F_COUNTRY_88A3,1.0013653363496182
2023-05-01,BRAND_740F_COUNTRY_88A3,1.0013653363496182
2023-06-01,BRAND_740F_COUNTRY_88A3,1.0013653363496182
2023-07-01,BRAND_740F_COUNTRY_88A3,1.0013653363496182
2023-08-01,BRAND_740F_COUNTRY_88A3,1.0013653363496182
2023-09-01,BRAND_740F_COUNTRY_88A3,1.0013653363496182
2023-10-01,BRAND_740F_COUNTRY_88A3,1.0013653363496182
2023-11-01,BRAND_740F_COUNTRY_88A3,1.0013653363496182
2023-12-01,BRAND_740F_COUNTRY_88A3,1.0013653363496182
2023-01-01,BRAND_C3A1_COUNTRY_5180,1.0009917509714588
2023-02-01,BRAND_C3A1_COUNTRY_5180,1.0009917509714588
2023-03-01,BRAND_C3A1_COUNTRY_5180,1.0009917509714588
2023-04-01,BRAND_C3A1_COUNTRY_5180,1.0009917509714588
2023-05-01,BRAND_C3A1_COUNTRY_5180,1.0009917509714588
2023-06-01,BRAND_C3A1_COUNTRY_5180,1.0009917509714588
2023-07-01,BRAND_C3A1_COUNTRY_5180,1.0009917509714588
2023-08-01,BRAND_C3A1_COUNTRY_5180,1.0009917509714588
2023-09-01,BRAND_C3A1_COUNTRY_5180,1.0009917509714588
2023-10-01,BRAND_C3A1_COUNTRY_5180,1.0009917509714588
2023-11-01,BRAND_C3A1_COUNTRY_5180,1.0009917509714588
2023-12-01,BRAND_C3A1_COUNTRY_5180,1.0009917509714588
2023-01-01,BRAND_C352_COUNTRY_C8F4,1.0128100480540592
2023-02-01,BRAND_C352_COUNTRY_C8F4,1.0128100480540592
2023-03-01,BRAND_C352_COUNTRY_C8F4,1.0128100480540592
2023-04-01,BRAND_C352_COUNTRY_C8F4,1.0128100480540592
2023-05-01,BRAND_C352_COUNTRY_C8F4,1.0128100480540592
2023-06-01,BRAND_C352_COUNTRY_C8F4,1.0128100480540592
2023-07-01,BRAND_C352_COUNTRY_C8F4,1.0128100480540592
2023-08-01,BRAND_C352_COUNTRY_C8F4,1.0128100480540592
2023-09-01,BRAND_C352_COUNTRY_C8F4,1.0128100480540592
2023-10-01,BRAND_C352_COUNTRY_C8F4,1.0128100480540592
2023-11-01,BRAND_C352_COUNTRY_C8F4,1.0128100480540592
2023-12-01,BRAND_C352_COUNTRY_C8F4,1.0128100480540592
2023-01-01,BRAND_A5D5_COUNTRY_C89B,1.00416767140363
2023-02-01,BRAND_A5D5_COUNTRY_C89B,1.00416767140363
2023-03-01,BRAND_A5D5_COUNTRY_C89B,1.00416767140363
2023-04-01,BRAND_A5D5_COUNTRY_C89B,1.00416767140363
2023-05-01,BRAND_A5D5_COUNTRY_C89B,1.00416767140363
2023-06-01,BRAND_A5D5_COUNTRY_C89B,1.00416767140363
2023-07-01,BRAND_A5D5_COUNTRY_C89B,1.00416767140363
2023-08-01,BRAND_A5D5_COUNTRY_C89B,1.00416767140363
2023-09-01,BRAND_A5D5_COUNTRY_C89B,1.00416767140363
2023-10-01,BRAND_A5D5_COUNTRY_C89B,1.00416767140363
2023-11-01,BRAND_A5D5_COUNTRY_C89B,1.00416767140363
2023-12-01,BRAND_A5D5_COUNTRY_C89B,1.00416767140363
2023-01-01,BRAND_248D_COUNTRY_EA71,1.01040484989096
2023-02-01,BRAND_248D_COUNTRY_EA71,1.01040484989096
2023-03-01,BRAND_248D_COUNTRY_EA71,1.01040484989096
2023-04-01,BRAND_248D_COUNTRY_EA71,1.01040484989096
2023-05-01,BRAND_248D_COUNTRY_EA71,1.01040484989096
2023-06-01,BRAND_248D_COUNTRY_EA71,1.01040484989096
2023-07-01,BRAND_248D_COUNTRY_EA71,1.01040484989096
2023-08-01,BRAND_248D_COUNTRY_EA71,1.01040484989096
2023-09-01,BRAND_248D_COUNTRY_EA71,1.01040484989096
2023-10-01,BRAND_248D_COUNTRY_EA71,1.01040484989096
2023-11-01,BRAND_248D_COUNTRY_EA71,1.01040484989096
2023-12-01,BRAND_248D_COUNTRY_EA71,1.01040484989096
2023-01-01,BRAND_BBE0_COUNTRY_C89B,1.012033456977229
2023-02-01,BRAND_BBE0_COUNTRY_C89B,1.012033456977229
2023-03-01,BRAND_BBE0_COUNTRY_C89B,1.012033456977229
2023-04-01,BRAND_BBE0_COUNTRY_C89B,1.012033456977229
2023-05-01,BRAND_BBE0_COUNTRY_C89B,1.012033456977229
2023-06-01,BRAND_BBE0_COUNTRY_C89B,1.012033456977229
2023-07-01,BRAND_BBE0_COUNTRY_C89B,1.012033456977229
2023-08-01,BRAND_BBE0_COUNTRY_C89B,1.012033456977229
2023-09-01,BRAND_BBE0_COUNTRY_C89B,1.012033456977229
2023-10-01,BRAND_BBE0_COUNTRY_C89B,1.012033456977229
2023-11-01,BRAND_BBE0_COUNTRY_C89B,1.012033456977229
2023-12-01,BRAND_BBE0_COUNTRY_C89B,1.012033456977229
2023-01-01,BRAND_599D_COUNTRY_C51E,1.03406356819791
2023-02-01,BRAND_599D_COUNTRY_C51E,1.03406356819791
2023-03-01,BRAND_599D_COUNTRY_C51E,1.03406356819791
2023-04-01,BRAND_599D_COUNTRY_C51E,1.03406356819791
2023-05-01,BRAND_599D_COUNTRY_C51E,1.03406356819791
2023-06-01,BRAND_599D_COUNTRY_C51E,1.03406356819791
2023-07-01,BRAND_599D_COUNTRY_C51E,1.03406356819791
2023-08-01,BRAND_599D_COUNTRY_C51E,1.03406356819791
2023-09-01,BRAND_599D_COUNTRY_C51E,1.03406356819791
2023-10-01,BRAND_599D_COUNTRY_C51E,1.03406356819791
2023-11-01,BRAND_599D_COUNTRY_C51E,1.03406356819791
2023-12-01,BRAND_599D_COUNTRY_C51E,1.03406356819791
2023-01-01,BRAND_A5D5_COUNTRY_5FEB,1.4588560200603442
2023-02-01,BRAND_A5D5_COUNTRY_5FEB,1.4588560200603442
2023-03-01,BRAND_A5D5_COUNTRY_5FEB,1.4588560200603442
2023-04-01,BRAND_A5D5_COUNTRY_5FEB,1.4588560200603442
2023-05-01,BRAND_A5D5_COUNTRY_5FEB,1.4588560200603442
2023-06-01,BRAND_A5D5_COUNTRY_5FEB,1.4588560200603442
2023-07-01,BRAND_A5D5_COUNTRY_5FEB,1.4588560200603442
2023-08-01,BRAND_A5D5_COUNTRY_5FEB,1.4588560200603442
2023-09-01,BRAND_A5D5_COUNTRY_5FEB,1.4588560200603442
2023-10-01,BRAND_A5D5_COUNTRY_5FEB,1.4588560200603442
2023-11-01,BRAND_A5D5_COUNTRY_5FEB,1.4588560200603442
2023-12-01,BRAND_A5D5_COUNTRY_5FEB,1.4588560200603442
2023-01-01,BRAND_A12A_COUNTRY_C51E,1.3432538738947386
2023-02-01,BRAND_A12A_COUNTRY_C51E,1.3432538738947386
2023-03-01,BRAND_A12A_COUNTRY_C51E,1.3432538738947386
2023-04-01,BRAND_A12A_COUNTRY_C51E,1.3432538738947386
2023-05-01,BRAND_A12A_COUNTRY_C51E,1.3432538738947386
2023-06-01,BRAND_A12A_COUNTRY_C51E,1.3432538738947386
2023-07-01,BRAND_A12A_COUNTRY_C51E,1.3432538738947386
2023-08-01,BRAND_A12A_COUNTRY_C51E,1.3432538738947386
2023-09-01,BRAND_A12A_COUNTRY_C51E,1.3432538738947386
2023-10-01,BRAND_A12A_COUNTRY_C51E,1.3432538738947386
2023-11-01,BRAND_A12A_COUNTRY_C51E,1.3432538738947386
2023-12-01,BRAND_A12A_COUNTRY_C51E,1.3432538738947386
2023-01-01,BRAND_ACB5_COUNTRY_9488,1.006460301074447
2023-02-01,BRAND_ACB5_COUNTRY_9488,1.006460301074447
2023-03-01,BRAND_ACB5_COUNTRY_9488,1.006460301074447
2023-04-01,BRAND_ACB5_COUNTRY_9488,1.006460301074447
2023-05-01,BRAND_ACB5_COUNTRY_9488,1.006460301074447
2023-06-01,BRAND_ACB5_COUNTRY_9488,1.006460301074447
2023-07-01,BRAND_ACB5_COUNTRY_9488,1.006460301074447
2023-08-01,BRAND_ACB5_COUNTRY_9488,1.006460301074447
2023-09-01,BRAND_ACB5_COUNTRY_9488,1.006460301074447
2023-10-01,BRAND_ACB5_COUNTRY_9488,1.006460301074447
2023-11-01,BRAND_ACB5_COUNTRY_9488,1.006460301074447
2023-12-01,BRAND_ACB5_COUNTRY_9488,1.006460301074447
2023-01-01,BRAND_9259_COUNTRY_88A3,1.0336420668309685
2023-02-01,BRAND_9259_COUNTRY_88A3,1.0336420668309685
2023-03-01,BRAND_9259_COUNTRY_88A3,1.0336420668309685
2023-04-01,BRAND_9259_COUNTRY_88A3,1.0336420668309685
2023-05-01,BRAND_9259_COUNTRY_88A3,1.0336420668309685
2023-06-01,BRAND_9259_COUNTRY_88A3,1.0336420668309685
2023-07-01,BRAND_9259_COUNTRY_88A3,1.0336420668309685
2023-08-01,BRAND_9259_COUNTRY_88A3,1.0336420668309685
2023-09-01,BRAND_9259_COUNTRY_88A3,1.0336420668309685
2023-10-01,BRAND_9259_COUNTRY_88A3,1.0336420668309685
2023-11-01,BRAND_9259_COUNTRY_88A3,1.0336420668309685
2023-12-01,BRAND_9259_COUNTRY_88A3,1.0336420668309685
2023-01-01,BRAND_E57A_COUNTRY_0C7D,1.0087541930460209
2023-02-01,BRAND_E57A_COUNTRY_0C7D,1.0087541930460209
2023-03-01,BRAND_E57A_COUNTRY_0C7D,1.0087541930460209
2023-04-01,BRAND_E57A_COUNTRY_0C7D,1.0087541930460209
2023-05-01,BRAND_E57A_COUNTRY_0C7D,1.0087541930460209
2023-06-01,BRAND_E57A_COUNTRY_0C7D,1.0087541930460209
2023-07-01,BRAND_E57A_COUNTRY_0C7D,1.0087541930460209
2023-08-01,BRAND_E57A_COUNTRY_0C7D,1.0087541930460209
2023-09-01,BRAND_E57A_COUNTRY_0C7D,1.0087541930460209
2023-10-01,BRAND_E57A_COUNTRY_0C7D,1.0087541930460209
2023-11-01,BRAND_E57A_COUNTRY_0C7D,1.0087541930460209
2023-12-01,BRAND_E57A_COUNTRY_0C7D,1.0087541930460209
2023-01-01,BRAND_BC1F_COUNTRY_C89B,1.0210785569538268
2023-02-01,BRAND_BC1F_COUNTRY_C89B,1.0210785569538268
2023-03-01,BRAND_BC1F_COUNTRY_C89B,1.0210785569538268
2023-04-01,BRAND_BC1F_COUNTRY_C89B,1.0210785569538268
2023-05-01,BRAND_BC1F_COUNTRY_C89B,1.0210785569538268
2023-06-01,BRAND_BC1F_COUNTRY_C89B,1.0210785569538268
2023-07-01,BRAND_BC1F_COUNTRY_C89B,1.0210785569538268
2023-08-01,BRAND_BC1F_COUNTRY_C89B,1.0210785569538268
2023-09-01,BRAND_BC1F_COUNTRY_C89B,1.0210785569538268
2023-10-01,BRAND_BC1F_COUNTRY_C89B,1.0210785569538268
2023-11-01,BRAND_BC1F_COUNTRY_C89B,1.0210785569538268
2023-12-01,BRAND_BC1F_COUNTRY_C89B,1.0210785569538268
2023-01-01,BRAND_F649_COUNTRY_EA71,1.0019568751057455
2023-02-01,BRAND_F649_COUNTRY_EA71,1.0019568751057455
2023-03-01,BRAND_F649_COUNTRY_EA71,1.0019568751057455
2023-04-01,BRAND_F649_COUNTRY_EA71,1.0019568751057455
2023-05-01,BRAND_F649_COUNTRY_EA71,1.0019568751057455
2023-06-01,BRAND_F649_COUNTRY_EA71,1.0019568751057455
2023-07-01,BRAND_F649_COUNTRY_EA71,1.0019568751057455
2023-08-01,BRAND_F649_COUNTRY_EA71,1.0019568751057455
2023-09-01,BRAND_F649_COUNTRY_EA71,1.0019568751057455
2023-10-01,BRAND_F649_COUNTRY_EA71,1.0019568751057455
2023-11-01,BRAND_F649_COUNTRY_EA71,1.0019568751057455
2023-12-01,BRAND_F649_COUNTRY_EA71,1.0019568751057455
2023-01-01,BRAND_E57A_COUNTRY_88A3,1.0032712428851045
2023-02-01,BRAND_E57A_COUNTRY_88A3,1.0032712428851045
2023-03-01,BRAND_E57A_COUNTRY_88A3,1.0032712428851045
2023-04-01,BRAND_E57A_COUNTRY_88A3,1.0032712428851045
2023-05-01,BRAND_E57A_COUNTRY_88A3,1.0032712428851045
2023-06-01,BRAND_E57A_COUNTRY_88A3,1.0032712428851045
2023-07-01,BRAND_E57A_COUNTRY_88A3,1.0032712428851045
2023-08-01,BRAND_E57A_COUNTRY_88A3,1.0032712428851045
2023-09-01,BRAND_E57A_COUNTRY_88A3,1.0032712428851045
2023-10-01,BRAND_E57A_COUNTRY_88A3,1.0032712428851045
2023-11-01,BRAND_E57A_COUNTRY_88A3,1.0032712428851045
2023-12-01,BRAND_E57A_COUNTRY_88A3,1.0032712428851045
2023-01-01,BRAND_D786_COUNTRY_4253,1.0
2023-02-01,BRAND_D786_COUNTRY_4253,1.0
2023-03-01,BRAND_D786_COUNTRY_4253,1.0
2023-04-01,BRAND_D786_COUNTRY_4253,1.0
2023-05-01,BRAND_D786_COUNTRY_4253,1.0
2023-06-01,BRAND_D786_COUNTRY_4253,1.0
2023-07-01,BRAND_D786_COUNTRY_4253,1.0
2023-08-01,BRAND_D786_COUNTRY_4253,1.0
2023-09-01,BRAND_D786_COUNTRY_4253,1.0
2023-10-01,BRAND_D786_COUNTRY_4253,1.0
2023-11-01,BRAND_D786_COUNTRY_4253,1.0
2023-12-01,BRAND_D786_COUNTRY_4253,1.0
2023-01-01,BRAND_056A_COUNTRY_458E,1.0014332272156694
2023-02-01,BRAND_056A_COUNTRY_458E,1.0014332272156694
2023-03-01,BRAND_056A_COUNTRY_458E,1.0014332272156694
2023-04-01,BRAND_056A_COUNTRY_458E,1.0014332272156694
2023-05-01,BRAND_056A_COUNTRY_458E,1.0014332272156694
2023-06-01,BRAND_056A_COUNTRY_458E,1.0014332272156694
2023-07-01,BRAND_056A_COUNTRY_458E,1.0014332272156694
2023-08-01,BRAND_056A_COUNTRY_458E,1.0014332272156694
2023-09-01,BRAND_056A_COUNTRY_458E,1.0014332272156694
2023-10-01,BRAND_056A_COUNTRY_458E,1.0014332272156694
2023-11-01,BRAND_056A_COUNTRY_458E,1.0014332272156694
2023-12-01,BRAND_056A_COUNTRY_458E,1.0014332272156694
2023-01-01,BRAND_056A_COUNTRY_6C16,1.070324293152031
2023-02-01,BRAND_056A_COUNTRY_6C16,1.070324293152031
2023-03-01,BRAND_056A_COUNTRY_6C16,1.070324293152031
2023-04-01,BRAND_056A_COUNTRY_6C16,1.070324293152031
2023-05-01,BRAND_056A_COUNTRY_6C16,1.070324293152031
2023-06-01,BRAND_056A_COUNTRY_6C16,1.070324293152031
2023-07-01,BRAND_056A_COUNTRY_6C16,1.070324293152031
2023-08-01,BRAND_056A_COUNTRY_6C16,1.070324293152031
2023-09-01,BRAND_056A_COUNTRY_6C16,1.070324293152031
2023-10-01,BRAND_056A_COUNTRY_6C16,1.070324293152031
2023-11-01,BRAND_056A_COUNTRY_6C16,1.070324293152031
2023-12-01,BRAND_056A_COUNTRY_6C16,1.070324293152031
2023-01-01,BRAND_D72F_COUNTRY_1033,1.005518793289521
2023-02-01,BRAND_D72F_COUNTRY_1033,1.005518793289521
2023-03-01,BRAND_D72F_COUNTRY_1033,1.005518793289521
2023-04-01,BRAND_D72F_COUNTRY_1033,1.005518793289521
2023-05-01,BRAND_D72F_COUNTRY_1033,1.005518793289521
2023-06-01,BRAND_D72F_COUNTRY_1033,1.005518793289521
2023-07-01,BRAND_D72F_COUNTRY_1033,1.005518793289521
2023-08-01,BRAND_D72F_COUNTRY_1033,1.005518793289521
2023-09-01,BRAND_D72F_COUNTRY_1033,1.005518793289521
2023-10-01,BRAND_D72F_COUNTRY_1033,1.005518793289521
2023-11-01,BRAND_D72F_COUNTRY_1033,1.005518793289521
2023-12-01,BRAND_D72F_COUNTRY_1033,1.005518793289521
2023-01-01,BRAND_7065_COUNTRY_9488,1.042327308265267
2023-02-01,BRAND_7065_COUNTRY_9488,1.042327308265267
2023-03-01,BRAND_7065_COUNTRY_9488,1.042327308265267
2023-04-01,BRAND_7065_COUNTRY_9488,1.042327308265267
2023-05-01,BRAND_7065_COUNTRY_9488,1.042327308265267
2023-06-01,BRAND_7065_COUNTRY_9488,1.042327308265267
2023-07-01,BRAND_7065_COUNTRY_9488,1.042327308265267
2023-08-01,BRAND_7065_COUNTRY_9488,1.042327308265267
2023-09-01,BRAND_7065_COUNTRY_9488,1.042327308265267
2023-10-01,BRAND_7065_COUNTRY_9488,1.042327308265267
2023-11-01,BRAND_7065_COUNTRY_9488,1.042327308265267
2023-12-01,BRAND_7065_COUNTRY_9488,1.042327308265267
2023-01-01,BRAND_F649_COUNTRY_89F9,1.0405533290498792
2023-02-01,BRAND_F649_COUNTRY_89F9,1.0405533290498792
2023-03-01,BRAND_F649_COUNTRY_89F9,1.0405533290498792
2023-04-01,BRAND_F649_COUNTRY_89F9,1.0405533290498792
2023-05-01,BRAND_F649_COUNTRY_89F9,1.0405533290498792
2023-06-01,BRAND_F649_COUNTRY_89F9,1.0405533290498792
2023-07-01,BRAND_F649_COUNTRY_89F9,1.0405533290498792
2023-08-01,BRAND_F649_COUNTRY_89F9,1.0405533290498792
2023-09-01,BRAND_F649_COUNTRY_89F9,1.0405533290498792
2023-10-01,BRAND_F649_COUNTRY_89F9,1.0405533290498792
2023-11-01,BRAND_F649_COUNTRY_89F9,1.0405533290498792
2023-12-01,BRAND_F649_COUNTRY_89F9,1.0405533290498792
2023-01-01,BRAND_E57A_COUNTRY_EA71,1.01382127864003
2023-02-01,BRAND_E57A_COUNTRY_EA71,1.01382127864003
2023-03-01,BRAND_E57A_COUNTRY_EA71,1.01382127864003
2023-04-01,BRAND_E57A_COUNTRY_EA71,1.01382127864003
2023-05-01,BRAND_E57A_COUNTRY_EA71,1.01382127864003
2023-06-01,BRAND_E57A_COUNTRY_EA71,1.01382127864003
2023-07-01,BRAND_E57A_COUNTRY_EA71,1.01382127864003
2023-08-01,BRAND_E57A_COUNTRY_EA71,1.01382127864003
2023-09-01,BRAND_E57A_COUNTRY_EA71,1.01382127864003
2023-10-01,BRAND_E57A_COUNTRY_EA71,1.01382127864003
2023-11-01,BRAND_E57A_COUNTRY_EA71,1.01382127864003
2023-12-01,BRAND_E57A_COUNTRY_EA71,1.01382127864003
2023-01-01,BRAND_76D6_COUNTRY_AE54,1.2322308900468195
2023-02-01,BRAND_76D6_COUNTRY_AE54,1.2322308900468195
2023-03-01,BRAND_76D6_COUNTRY_AE54,1.2322308900468195
2023-04-01,BRAND_76D6_COUNTRY_AE54,1.2322308900468195
2023-05-01,BRAND_76D6_COUNTRY_AE54,1.2322308900468195
2023-06-01,BRAND_76D6_COUNTRY_AE54,1.2322308900468195
2023-07-01,BRAND_76D6_COUNTRY_AE54,1.2322308900468195
2023-08-01,BRAND_76D6_COUNTRY_AE54,1.2322308900468195
2023-09-01,BRAND_76D6_COUNTRY_AE54,1.2322308900468195
2023-10-01,BRAND_76D6_COUNTRY_AE54,1.2322308900468195
2023-11-01,BRAND_76D6_COUNTRY_AE54,1.2322308900468195
2023-12-01,BRAND_76D6_COUNTRY_AE54,1.2322308900468195
2023-01-01,BRAND_9259_COUNTRY_3536,0.0
2023-02-01,BRAND_9259_COUNTRY_3536,0.0
2023-03-01,BRAND_9259_COUNTRY_3536,0.0
2023-04-01,BRAND_9259_COUNTRY_3536,0.0
2023-05-01,BRAND_9259_COUNTRY_3536,0.0
2023-06-01,BRAND_9259_COUNTRY_3536,0.0
2023-07-01,BRAND_9259_COUNTRY_3536,0.0
2023-08-01,BRAND_9259_COUNTRY_3536,0.0
2023-09-01,BRAND_9259_COUNTRY_3536,0.0
2023-10-01,BRAND_9259_COUNTRY_3536,0.0
2023-11-01,BRAND_9259_COUNTRY_3536,0.0
2023-12-01,BRAND_9259_COUNTRY_3536,0.0
2023-02-01,BRAND_C352_COUNTRY_F78A,0.0
2023-03-01,BRAND_C352_COUNTRY_F78A,0.0
2023-04-01,BRAND_C352_COUNTRY_F78A,0.0
2023-05-01,BRAND_C352_COUNTRY_F78A,0.0
2023-06-01,BRAND_C352_COUNTRY_F78A,0.0
2023-07-01,BRAND_C352_COUNTRY_F78A,0.0
2023-08-01,BRAND_C352_COUNTRY_F78A,0.0
2023-09-01,BRAND_C352_COUNTRY_F78A,0.0
2023-10-01,BRAND_C352_COUNTRY_F78A,0.0
2023-11-01,BRAND_C352_COUNTRY_F78A,0.0
2023-12-01,BRAND_C352_COUNTRY_F78A,0.0
2023-02-01,BRAND_D786_COUNTRY_1033,0.0
2023-03-01,BRAND_D786_COUNTRY_1033,0.0
2023-04-01,BRAND_D786_COUNTRY_1033,0.0
2023-05-01,BRAND_D786_COUNTRY_1033,0.0
2023-06-01,BRAND_D786_COUNTRY_1033,0.0
2023-07-01,BRAND_D786_COUNTRY_1033,0.0
2023-08-01,BRAND_D786_COUNTRY_1033,0.0
2023-09-01,BRAND_D786_COUNTRY_1033,0.0
2023-10-01,BRAND_D786_COUNTRY_1033,0.0
2023-11-01,BRAND_D786_COUNTRY_1033,0.0
2023-12-01,BRAND_D786_COUNTRY_1033,0.0
2023-02-01,BRAND_C352_COUNTRY_6B71,0.0
2023-03-01,BRAND_C352_COUNTRY_6B71,0.0
2023-04-01,BRAND_C352_COUNTRY_6B71,0.0
2023-05-01,BRAND_C352_COUNTRY_6B71,0.0
2023-06-01,BRAND_C352_COUNTRY_6B71,0.0
2023-07-01,BRAND_C352_COUNTRY_6B71,0.0
2023-08-01,BRAND_C352_COUNTRY_6B71,0.0
2023-09-01,BRAND_C352_COUNTRY_6B71,0.0
2023-10-01,BRAND_C352_COUNTRY_6B71,0.0
2023-11-01,BRAND_C352_COUNTRY_6B71,0.0
2023-12-01,BRAND_C352_COUNTRY_6B71,0.0
2023-02-01,BRAND_5E80_COUNTRY_4D48,0.0
2023-03-01,BRAND_5E80_COUNTRY_4D48,0.0
2023-04-01,BRAND_5E80_COUNTRY_4D48,0.0
2023-05-01,BRAND_5E80_COUNTRY_4D48,0.0
2023-06-01,BRAND_5E80_COUNTRY_4D48,0.0
2023-07-01,BRAND_5E80_COUNTRY_4D48,0.0
2023-08-01,BRAND_5E80_COUNTRY_4D48,0.0
2023-09-01,BRAND_5E80_COUNTRY_4D48,0.0
2023-10-01,BRAND_5E80_COUNTRY_4D48,0.0
2023-11-01,BRAND_5E80_COUNTRY_4D48,0.0
2023-12-01,BRAND_5E80_COUNTRY_4D48,0.0
2023-02-01,BRAND_056A_COUNTRY_89F9,0.0
2023-03-01,BRAND_056A_COUNTRY_89F9,0.0
2023-04-01,BRAND_056A_COUNTRY_89F9,0.0
2023-05-01,BRAND_056A_COUNTRY_89F9,0.0
2023-06-01,BRAND_056A_COUNTRY_89F9,0.0
2023-07-01,BRAND_056A_COUNTRY_89F9,0.0
2023-08-01,BRAND_056A_COUNTRY_89F9,0.0
2023-09-01,BRAND_056A_COUNTRY_89F9,0.0
2023-10-01,BRAND_056A_COUNTRY_89F9,0.0
2023-11-01,BRAND_056A_COUNTRY_89F9,0.0
2023-12-01,BRAND_056A_COUNTRY_89F9,0.0
2023-03-01,BRAND_056A_COUNTRY_C8F4,0.0
2023-04-01,BRAND_056A_COUNTRY_C8F4,0.0
2023-05-01,BRAND_056A_COUNTRY_C8F4,0.0
2023-06-01,BRAND_056A_COUNTRY_C8F4,0.0
2023-07-01,BRAND_056A_COUNTRY_C8F4,0.0
2023-08-01,BRAND_056A_COUNTRY_C8F4,0.0
2023-09-01,BRAND_056A_COUNTRY_C8F4,0.0
2023-10-01,BRAND_056A_COUNTRY_C8F4,0.0
2023-11-01,BRAND_056A_COUNTRY_C8F4,0.0
2023-12-01,BRAND_056A_COUNTRY_C8F4,0.0
2023-03-01,BRAND_9259_COUNTRY_06E4,0.0
2023-04-01,BRAND_9259_COUNTRY_06E4,0.0
2023-05-01,BRAND_9259_COUNTRY_06E4,0.0
2023-06-01,BRAND_9259_COUNTRY_06E4,0.0
2023-07-01,BRAND_9259_COUNTRY_06E4,0.0
2023-08-01,BRAND_9259_COUNTRY_06E4,0.0
2023-09-01,BRAND_9259_COUNTRY_06E4,0.0
2023-10-01,BRAND_9259_COUNTRY_06E4,0.0
2023-11-01,BRAND_9259_COUNTRY_06E4,0.0
2023-12-01,BRAND_9259_COUNTRY_06E4,0.0
2023-03-01,BRAND_248D_COUNTRY_C89B,0.0
2023-04-01,BRAND_248D_COUNTRY_C89B,0.0
2023-05-01,BRAND_248D_COUNTRY_C89B,0.0
2023-06-01,BRAND_248D_COUNTRY_C89B,0.0
2023-07-01,BRAND_248D_COUNTRY_C89B,0.0
2023-08-01,BRAND_248D_COUNTRY_C89B,0.0
2023-09-01,BRAND_248D_COUNTRY_C89B,0.0
2023-10-01,BRAND_248D_COUNTRY_C89B,0.0
2023-11-01,BRAND_248D_COUNTRY_C89B,0.0
2023-12-01,BRAND_248D_COUNTRY_C89B,0.0
2023-03-01,BRAND_056A_COUNTRY_A67D,0.0
2023-04-01,BRAND_056A_COUNTRY_A67D,0.0
2023-05-01,BRAND_056A_COUNTRY_A67D,0.0
2023-06-01,BRAND_056A_COUNTRY_A67D,0.0
2023-07-01,BRAND_056A_COUNTRY_A67D,0.0
2023-08-01,BRAND_056A_COUNTRY_A67D,0.0
2023-09-01,BRAND_056A_COUNTRY_A67D,0.0
2023-10-01,BRAND_056A_COUNTRY_A67D,0.0
2023-11-01,BRAND_056A_COUNTRY_A67D,0.0
2023-12-01,BRAND_056A_COUNTRY_A67D,0.0
2023-03-01,BRAND_E57A_COUNTRY_8B47,0.0
2023-04-01,BRAND_E57A_COUNTRY_8B47,0.0
2023-05-01,BRAND_E57A_COUNTRY_8B47,0.0
2023-06-01,BRAND_E57A_COUNTRY_8B47,0.0
2023-07-01,BRAND_E57A_COUNTRY_8B47,0.0
2023-08-01,BRAND_E57A_COUNTRY_8B47,0.0
2023-09-01,BRAND_E57A_COUNTRY_8B47,0.0
2023-10-01,BRAND_E57A_COUNTRY_8B47,0.0
2023-11-01,BRAND_E57A_COUNTRY_8B47,0.0
2023-12-01,BRAND_E57A_COUNTRY_8B47,0.0
2023-04-01,BRAND_056A_COUNTRY_5180,0.0
2023-05-01,BRAND_056A_COUNTRY_5180,0.0
2023-06-01,BRAND_056A_COUNTRY_5180,0.0
2023-07-01,BRAND_056A_COUNTRY_5180,0.0
2023-08-01,BRAND_056A_COUNTRY_5180,0.0
2023-09-01,BRAND_056A_COUNTRY_5180,0.0
2023-10-01,BRAND_056A_COUNTRY_5180,0.0
2023-11-01,BRAND_056A_COUNTRY_5180,0.0
2023-12-01,BRAND_056A_COUNTRY_5180,0.0
2023-04-01,BRAND_056A_COUNTRY_445D,0.0
2023-05-01,BRAND_056A_COUNTRY_445D,0.0
2023-06-01,BRAND_056A_COUNTRY_445D,0.0
2023-07-01,BRAND_056A_COUNTRY_445D,0.0
2023-08-01,BRAND_056A_COUNTRY_445D,0.0
2023-09-01,BRAND_056A_COUNTRY_445D,0.0
2023-10-01,BRAND_056A_COUNTRY_445D,0.0
2023-11-01,BRAND_056A_COUNTRY_445D,0.0
2023-12-01,BRAND_056A_COUNTRY_445D,0.0
2023-04-01,BRAND_740F_COUNTRY_9488,0.0
2023-05-01,BRAND_740F_COUNTRY_9488,0.0
2023-06-01,BRAND_740F_COUNTRY_9488,0.0
2023-07-01,BRAND_740F_COUNTRY_9488,0.0
2023-08-01,BRAND_740F_COUNTRY_9488,0.0
2023-09-01,BRAND_740F_COUNTRY_9488,0.0
2023-10-01,BRAND_740F_COUNTRY_9488,0.0
2023-11-01,BRAND_740F_COUNTRY_9488,0.0
2023-12-01,BRAND_740F_COUNTRY_9488,0.0
2023-04-01,BRAND_E57A_COUNTRY_9488,0.0
2023-05-01,BRAND_E57A_COUNTRY_9488,0.0
2023-06-01,BRAND_E57A_COUNTRY_9488,0.0
2023-07-01,BRAND_E57A_COUNTRY_9488,0.0
2023-08-01,BRAND_E57A_COUNTRY_9488,0.0
2023-09-01,BRAND_E57A_COUNTRY_9488,0.0
2023-10-01,BRAND_E57A_COUNTRY_9488,0.0
2023-11-01,BRAND_E57A_COUNTRY_9488,0.0
2023-12-01,BRAND_E57A_COUNTRY_9488,0.0
2023-05-01,BRAND_C352_COUNTRY_907E,0.0
2023-06-01,BRAND_C352_COUNTRY_907E,0.0
2023-07-01,BRAND_C352_COUNTRY_907E,0.0
2023-08-01,BRAND_C352_COUNTRY_907E,0.0
2023-09-01,BRAND_C352_COUNTRY_907E,0.0
2023-10-01,BRAND_C352_COUNTRY_907E,0.0
2023-11-01,BRAND_C352_COUNTRY_907E,0.0
2023-12-01,BRAND_C352_COUNTRY_907E,0.0
2023-05-01,BRAND_D786_COUNTRY_4D48,0.0
2023-06-01,BRAND_D786_COUNTRY_4D48,0.0
2023-07-01,BRAND_D786_COUNTRY_4D48,0.0
2023-08-01,BRAND_D786_COUNTRY_4D48,0.0
2023-09-01,BRAND_D786_COUNTRY_4D48,0.0
2023-10-01,BRAND_D786_COUNTRY_4D48,0.0
2023-11-01,BRAND_D786_COUNTRY_4D48,0.0
2023-12-01,BRAND_D786_COUNTRY_4D48,0.0
2023-05-01,BRAND_056A_COUNTRY_4242,0.0
2023-06-01,BRAND_056A_COUNTRY_4242,0.0
2023-07-01,BRAND_056A_COUNTRY_4242,0.0
2023-08-01,BRAND_056A_COUNTRY_4242,0.0
2023-09-01,BRAND_056A_COUNTRY_4242,0.0
2023-10-01,BRAND_056A_COUNTRY_4242,0.0
2023-11-01,BRAND_056A_COUNTRY_4242,0.0
2023-12-01,BRAND_056A_COUNTRY_4242,0.0
2023-05-01,BRAND_9259_COUNTRY_E319,0.0
2023-06-01,BRAND_9259_COUNTRY_E319,0.0
2023-07-01,BRAND_9259_COUNTRY_E319,0.0
2023-08-01,BRAND_9259_COUNTRY_E319,0.0
2023-09-01,BRAND_9259_COUNTRY_E319,0.0
2023-10-01,BRAND_9259_COUNTRY_E319,0.0
2023-11-01,BRAND_9259_COUNTRY_E319,0.0
2023-12-01,BRAND_9259_COUNTRY_E319,0.0
2023-05-01,BRAND_F649_COUNTRY_C8F4,0.0
2023-06-01,BRAND_F649_COUNTRY_C8F4,0.0
2023-07-01,BRAND_F649_COUNTRY_C8F4,0.0
2023-08-01,BRAND_F649_COUNTRY_C8F4,0.0
2023-09-01,BRAND_F649_COUNTRY_C8F4,0.0
2023-10-01,BRAND_F649_COUNTRY_C8F4,0.0
2023-11-01,BRAND_F649_COUNTRY_C8F4,0.0
2023-12-01,BRAND_F649_COUNTRY_C8F4,0.0
2023-05-01,BRAND_C352_COUNTRY_0C7D,0.0
2023-06-01,BRAND_C352_COUNTRY_0C7D,0.0
2023-07-01,BRAND_C352_COUNTRY_0C7D,0.0
2023-08-01,BRAND_C352_COUNTRY_0C7D,0.0
2023-09-01,BRAND_C352_COUNTRY_0C7D,0.0
2023-10-01,BRAND_C352_COUNTRY_0C7D,0.0
2023-11-01,BRAND_C352_COUNTRY_0C7D,0.0
2023-12-01,BRAND_C352_COUNTRY_0C7D,0.0
2023-05-01,BRAND_056A_COUNTRY_6B71,0.0
2023-06-01,BRAND_056A_COUNTRY_6B71,0.0
2023-07-01,BRAND_056A_COUNTRY_6B71,0.0
2023-08-01,BRAND_056A_COUNTRY_6B71,0.0
2023-09-01,BRAND_056A_COUNTRY_6B71,0.0
2023-10-01,BRAND_056A_COUNTRY_6B71,0.0
2023-11-01,BRAND_056A_COUNTRY_6B71,0.0
2023-12-01,BRAND_056A_COUNTRY_6B71,0.0
2023-05-01,BRAND_056A_COUNTRY_5A54,0.0
2023-06-01,BRAND_056A_COUNTRY_5A54,0.0
2023-07-01,BRAND_056A_COUNTRY_5A54,0.0
2023-08-01,BRAND_056A_COUNTRY_5A54,0.0
2023-09-01,BRAND_056A_COUNTRY_5A54,0.0
2023-10-01,BRAND_056A_COUNTRY_5A54,0.0
2023-11-01,BRAND_056A_COUNTRY_5A54,0.0
2023-12-01,BRAND_056A_COUNTRY_5A54,0.0
2023-05-01,BRAND_7BEC_COUNTRY_4253,0.0
2023-06-01,BRAND_7BEC_COUNTRY_4253,0.0
2023-07-01,BRAND_7BEC_COUNTRY_4253,0.0
2023-08-01,BRAND_7BEC_COUNTRY_4253,0.0
2023-09-01,BRAND_7BEC_COUNTRY_4253,0.0
2023-10-01,BRAND_7BEC_COUNTRY_4253,0.0
2023-11-01,BRAND_7BEC_COUNTRY_4253,0.0
2023-12-01,BRAND_7BEC_COUNTRY_4253,0.0
2023-05-01,BRAND_056A_COUNTRY_06E4,0.0
2023-06-01,BRAND_056A_COUNTRY_06E4,0.0
2023-07-01,BRAND_056A_COUNTRY_06E4,0.0
2023-08-01,BRAND_056A_COUNTRY_06E4,0.0
2023-09-01,BRAND_056A_COUNTRY_06E4,0.0
2023-10-01,BRAND_056A_COUNTRY_06E4,0.0
2023-11-01,BRAND_056A_COUNTRY_06E4,0.0
2023-12-01,BRAND_056A_COUNTRY_06E4,0.0
2023-05-01,BRAND_F649_COUNTRY_D5B9,0.0
2023-06-01,BRAND_F649_COUNTRY_D5B9,0.0
2023-07-01,BRAND_F649_COUNTRY_D5B9,0.0
2023-08-01,BRAND_F649_COUNTRY_D5B9,0.0
2023-09-01,BRAND_F649_COUNTRY_D5B9,0.0
2023-10-01,BRAND_F649_COUNTRY_D5B9,0.0
2023-11-01,BRAND_F649_COUNTRY_D5B9,0.0
2023-12-01,BRAND_F649_COUNTRY_D5B9,0.0
2023-06-01,BRAND_F649_COUNTRY_221C,0.0
2023-07-01,BRAND_F649_COUNTRY_221C,0.0
2023-08-01,BRAND_F649_COUNTRY_221C,0.0
2023-09-01,BRAND_F649_COUNTRY_221C,0.0
2023-10-01,BRAND_F649_COUNTRY_221C,0.0
2023-11-01,BRAND_F649_COUNTRY_221C,0.0
2023-12-01,BRAND_F649_COUNTRY_221C,0.0
2023-06-01,BRAND_7250_COUNTRY_D8B0,0.0
2023-07-01,BRAND_7250_COUNTRY_D8B0,0.0
2023-08-01,BRAND_7250_COUNTRY_D8B0,0.0
2023-09-01,BRAND_7250_COUNTRY_D8B0,0.0
2023-10-01,BRAND_7250_COUNTRY_D8B0,0.0
2023-11-01,BRAND_7250_COUNTRY_D8B0,0.0
2023-12-01,BRAND_7250_COUNTRY_D8B0,0.0
2023-06-01,BRAND_056A_COUNTRY_1007,0.0
2023-07-01,BRAND_056A_COUNTRY_1007,0.0
2023-08-01,BRAND_056A_COUNTRY_1007,0.0
2023-09-01,BRAND_056A_COUNTRY_1007,0.0
2023-10-01,BRAND_056A_COUNTRY_1007,0.0
2023-11-01,BRAND_056A_COUNTRY_1007,0.0
2023-12-01,BRAND_056A_COUNTRY_1007,0.0
2023-07-01,BRAND_FEAE_COUNTRY_77DA,0.0
2023-08-01,BRAND_FEAE_COUNTRY_77DA,0.0
2023-09-01,BRAND_FEAE_COUNTRY_77DA,0.0
2023-10-01,BRAND_FEAE_COUNTRY_77DA,0.0
2023-11-01,BRAND_FEAE_COUNTRY_77DA,0.0
2023-12-01,BRAND_FEAE_COUNTRY_77DA,0.0
2023-07-01,BRAND_9259_COUNTRY_EA71,0.0
2023-08-01,BRAND_9259_COUNTRY_EA71,0.0
2023-09-01,BRAND_9259_COUNTRY_EA71,0.0
2023-10-01,BRAND_9259_COUNTRY_EA71,0.0
2023-11-01,BRAND_9259_COUNTRY_EA71,0.0
2023-12-01,BRAND_9259_COUNTRY_EA71,0.0
2023-07-01,BRAND_9259_COUNTRY_0C7D,0.0
2023-08-01,BRAND_9259_COUNTRY_0C7D,0.0
2023-09-01,BRAND_9259_COUNTRY_0C7D,0.0
2023-10-01,BRAND_9259_COUNTRY_0C7D,0.0
2023-11-01,BRAND_9259_COUNTRY_0C7D,0.0
2023-12-01,BRAND_9259_COUNTRY_0C7D,0.0
2023-07-01,BRAND_056A_COUNTRY_3536,0.0
2023-08-01,BRAND_056A_COUNTRY_3536,0.0
2023-09-01,BRAND_056A_COUNTRY_3536,0.0
2023-10-01,BRAND_056A_COUNTRY_3536,0.0
2023-11-01,BRAND_056A_COUNTRY_3536,0.0
2023-12-01,BRAND_056A_COUNTRY_3536,0.0
